STARLINK-3075           
1 49409U 21104B   26175.30423187  .00198324  00000+0  11523-1 0  9992
2 49409  53.1602 110.3449 0001062  79.8674 280.2438 15.10725229254739
STARLINK-3147           
1 49410U 21104C   26175.23184852  .00196543  00000+0  11456-1 0  9995
2 49410  53.1610 110.6814 0001751  72.8499 287.2685 15.10616749254717
STARLINK-3162           
1 49411U 21104D   26175.09440473 -.00000453  00000+0 -10382-4 0  9990
2 49411  53.1605 101.3156 0001335  91.4228 268.6916 15.08828172254838
STARLINK-3157           
1 49413U 21104F   26175.09168227 -.00000446  00000+0 -99500-5 0  9998
2 49413  53.1611 101.3394 0001395  90.0869 270.0282 15.08829682254833
STARLINK-3146           
1 49414U 21104G   26175.09716830  .00002281  00000+0  16142-3 0  9994
2 49414  53.1609 111.3030 0002131  94.8946 265.2288 15.08834668254692
STARLINK-3159           
1 49415U 21104H   26175.08704287 -.00000702  00000+0 -26010-4 0  9991
2 49415  53.1614 101.3516 0001362  96.9445 263.1701 15.08833026254828
STARLINK-3133           
1 49416U 21104J   26175.08979948  .00000571  00000+0  53943-4 0  9997
2 49416  53.1605 111.3364 0001375  88.0947 272.0201 15.08837284254693
STARLINK-3154           
1 49417U 21104K   26175.11643695  .00000704  00000+0  62295-4 0  9997
2 49417  53.1599 100.8696 0001341  96.5876 263.5268 15.08837221254830
STARLINK-3111           
1 49418U 21104L   26175.08611926  .00000955  00000+0  78069-4 0  9990
2 49418  53.1598 111.3517 0001424  97.7773 262.3380 15.08845901254689
STARLINK-3120           
1 49419U 21104M   26175.14132140  .00000210  00000+0  31315-4 0  9991
2 49419  53.1608 111.1055 0001464  96.6425 263.4733 15.08835419254691
STARLINK-3110           
1 49420U 21104N   26175.08234219  .00015112  00000+0  96272-3 0  9995
2 49420  53.1605 111.3691 0001711  88.9863 271.1325 15.08945761254687
STARLINK-3112           
1 49421U 21104P   26175.11553716 -.00000073  00000+0  13512-4 0  9994
2 49421  53.1603 111.0283 0001263  87.2706 272.8430 15.08830094254698
STARLINK-3161           
1 49422U 21104Q   26175.24169391 -.00001052  00000+0 -48037-4 0  9990
2 49422  53.1612 110.9728 0001573  76.5872 283.5295 15.08825767254701
STARLINK-3135           
1 49424U 21104S   26175.13765704  .00015875  00000+0  10157-2 0  9996
2 49424  53.1605 111.1207 0001860  73.6849 286.4347 15.08753249254694
STARLINK-3139           
1 49425U 21104T   26175.12325576  .00074492  00000+0  45749-2 0  9990
2 49425  53.1596 111.1856 0000919  45.9630 314.1437 15.09430410254702
STARLINK-3114           
1 49426U 21104U   26175.13028536 -.00000025  00000+0  16554-4 0  9994
2 49426  53.1607 111.1547 0001323  87.4545 272.6598 15.08828094254691
STARLINK-3131           
1 49427U 21104V   26175.11965583  .00063640  00000+0  39248-2 0  9999
2 49427  53.1617 111.2078 0001136  85.9869 274.1253 15.09357549254707
STARLINK-3121           
1 49428U 21104W   26175.10082801  .00000109  00000+0  24955-4 0  9994
2 49428  53.1616 111.2008 0001501  88.6121 271.5042 15.08835571254709
STARLINK-3138           
1 49430U 21104Y   26175.14232790  .00005803  00000+0  38253-3 0  9996
2 49430  53.1606 111.3790 0001106  82.7751 277.3366 15.08823165254704
STARLINK-3153           
1 49431U 21104Z   26175.09350127  .00000020  00000+0  19343-4 0  9992
2 49431  53.1611 111.5027 0001361  89.2644 270.8503 15.08837423254693
STARLINK-3158           
1 49432U 21104AA  26175.01439712  .00000055  00000+0  21532-4 0  9994
2 49432  53.1618 101.6771 0001454  94.9713 265.1444 15.08833580254826
STARLINK-3079           
1 49433U 21104AB  26175.08060221  .00001035  00000+0  83058-4 0  9997
2 49433  53.1600  91.3768 0001077 126.2658 233.8434 15.08848364256062
STARLINK-3134           
1 49434U 21104AC  26175.11851574  .00014759  00000+0  92441-3 0  9993
2 49434  53.2157 111.4171 0001933  72.7643 287.3561 15.09588311255780
STARLINK-3117           
1 49435U 21104AD  26175.08524949  .00001826  00000+0  13282-3 0  9990
2 49435  53.1605  91.3541 0001608 145.3387 214.7709 15.08835043254970
STARLINK-3049           
1 49436U 21104AE  26175.08428156  .00000063  00000+0  22076-4 0  9998
2 49436  53.1608  91.3630 0001260  90.0611 270.0525 15.08835816254972
STARLINK-3044           
1 49438U 21104AG  26175.06683011  .00000521  00000+0  50836-4 0  9995
2 49438  53.1619  91.3757 0001469  92.8090 267.3070 15.08832560254975
STARLINK-3105           
1 49440U 21104AJ  26175.06956534  .00001756  00000+0  12841-3 0  9995
2 49440  53.1618  91.4299 0001627  98.8607 261.2568 15.08847082254975
STARLINK-3136           
1 49443U 21104AM  26175.06059172  .00019753  00000+0  11803-2 0  9992
2 49443  53.2155  91.0428 0003025  80.2167 279.9168 15.11101006254981
STARLINK-3126           
1 49444U 21104AN  26175.26188183  .00001088  00000+0  86452-4 0  9996
2 49444  53.1613  90.5755 0001252 120.7641 239.3474 15.08821278255004
STARLINK-3122           
1 49445U 21104AP  26175.11380885 -.00000045  00000+0  15272-4 0  9999
2 49445  53.1613 101.6253 0001464  90.2121 269.9038 15.08833820254832
STARLINK-3099           
1 49446U 21104AQ  26175.05851924  .00001135  00000+0  89406-4 0  9990
2 49446  53.1609  91.4777 0001542  87.2214 272.8954 15.08834843254972
STARLINK-3115           
1 49447U 21104AR  26175.06864383 -.00000506  00000+0 -13711-4 0  9994
2 49447  53.1607 101.4307 0001594 101.5377 258.5793 15.08836726254838
STARLINK-3127           
1 49450U 21104AU  26175.07600516  .00000145  00000+0  27226-4 0  9998
2 49450  53.1612 101.4365 0001368  92.7245 267.3903 15.08834917255096
STARLINK-3125           
1 49451U 21104AV  26175.06127910  .00000164  00000+0  28391-4 0  9995
2 49451  53.1604 101.4645 0001426  94.4933 265.6221 15.08837825254833
STARLINK-3150           
1 49452U 21104AW  26175.11744071  .00000468  00000+0  47520-4 0  9997
2 49452  53.1601 101.2518 0001420  93.4860 266.6294 15.08835491254849
STARLINK-3160           
1 49454U 21104AY  26175.05759914  .00001103  00000+0  87404-4 0  9996
2 49454  53.1602 101.4811 0001308  95.7726 264.3415 15.08839391254833
STARLINK-3145           
1 49455U 21104AZ  26175.10912303  .00000403  00000+0  43419-4 0  9996
2 49455  53.1610 101.2497 0001314  94.7340 265.3801 15.08833893254841
STARLINK-3124           
1 49456U 21104BA  26175.12111922  .00001496  00000+0  11209-3 0  9991
2 49456  53.1588 101.2431 0001250  66.4409 293.6713 15.08838911254847
STARLINK-3132           
1 49457U 21104BB  26175.10639976  .00000160  00000+0  28145-4 0  9999
2 49457  53.1616 101.2728 0001290  91.6574 268.4565 15.08833765254843
STARLINK-3156           
1 49458U 21104BC  26175.11279878 -.00003532  00000+0 -20389-3 0  9991
2 49458  53.1600 101.2323 0001461  85.0612 275.0547 15.08848755254847
STARLINK-3141           
1 49459U 21104BD  26175.10176399 -.00000051  00000+0  14915-4 0  9996
2 49459  53.1616 101.2834 0001277  85.0163 275.0974 15.08829803254845
STARLINK-3140           
1 49460U 21104BE  26175.09808714 -.00000555  00000+0 -16797-4 0  9999
2 49460  53.1609 101.2992 0001248  82.3461 277.7673 15.08826040254837
STARLINK-3218           
1 49725U 21115B   26174.92422216  .00001706  00000+0  12533-3 0  9995
2 49725  53.1577  32.1846 0001494 135.3420 224.7692 15.08810033251578
STARLINK-3242           
1 49727U 21115D   26174.94529591  .00009451  00000+0  60997-3 0  9995
2 49727  53.1574  41.9853 0000887 140.3061 219.7996 15.08905609251435
STARLINK-3240           
1 49728U 21115E   26175.14605313  .00148877  00000+0  88541-2 0  9996
2 49728  53.1592  41.0656 0001410  64.9766 295.1373 15.10148519251466
STARLINK-3251           
1 49729U 21115F   26174.94167001  .00000455  00000+0  46701-4 0  9994
2 49729  53.1551  41.8862 0001186  83.4546 276.6580 15.08829451251430
STARLINK-3249           
1 49730U 21115G   26175.24232405  .00096287  00000+0  58442-2 0  9992
2 49730  53.1609  40.8291 0000349  51.4173 308.6850 15.09715976251479
STARLINK-3246           
1 49732U 21115J   26174.91962150 -.00002231  00000+0 -12220-3 0  9997
2 49732  53.1629  42.2570 0000336 351.0730   9.0255 15.08821684251422
STARLINK-3252           
1 49733U 21115K   26174.89752197 -.00011645  00000+0 -71409-3 0  9996
2 49733  53.1603  42.1983 0000873  73.0899 287.0188 15.08874505251428
STARLINK-3113           
1 49735U 21115M   26174.95638510  .00000862  00000+0  72261-4 0  9992
2 49735  53.1581  41.8211 0001382  85.8460 274.2690 15.08830935251432
STARLINK-3148           
1 49736U 21115N   26174.97939277  .00000206  00000+0  31024-4 0  9993
2 49736  53.1613  31.7185 0001446  95.2089 264.9067 15.08828711251589
STARLINK-3225           
1 49737U 21115P   26174.92051678  .00001588  00000+0  11779-3 0  9997
2 49737  53.1613  32.0955 0001277 120.3868 239.7250 15.08854289251578
STARLINK-3143           
1 49738U 21115Q   26175.28743876  .00014609  00000+0  87487-3 0  9993
2 49738  53.2172  30.1879 0002332 112.4451 247.6789 15.11233594251633
STARLINK-3155           
1 49739U 21115R   26175.17162628  .00114919  00000+0  68268-2 0  9992
2 49739  53.1607  40.9418 0002102  65.7048 294.4163 15.10384114251462
STARLINK-3202           
1 49742U 21115U   26174.88004039  .00002145  00000+0  15278-3 0  9995
2 49742  53.1603  32.2783 0001455  92.3420 267.7738 15.08845528251561
STARLINK-3233           
1 49746U 21115Y   26174.62979354  .00000384  00000+0  42247-4 0  9992
2 49746  53.1604  33.4041 0001338  89.5455 270.5690 15.08837688251525
STARLINK-3247           
1 49747U 21115Z   26174.88371830 -.00000179  00000+0  68154-5 0  9995
2 49747  53.1592  32.2612 0001199  93.8054 266.3075 15.08834859251562
STARLINK-3248           
1 49748U 21115AA  26174.99407083  .00000129  00000+0  26179-4 0  9992
2 49748  53.1600  31.3407 0001298  89.4460 270.6680 15.08831962251592
STARLINK-3229           
1 49751U 21115AD  26174.89106766  .00000447  00000+0  46179-4 0  9994
2 49751  53.1574  32.1514 0001861  96.5861 263.5343 15.08837665251575
STARLINK-3200           
1 49753U 21115AF  26174.90580182  .00000500  00000+0  49507-4 0  9994
2 49753  53.1607  32.1640 0001434  92.1553 267.9603 15.08832241251572
STARLINK-3210           
1 49755U 21115AH  26174.32164098  .00000702  00000+0  62204-4 0  9999
2 49755  53.1601  34.8375 0001418  97.2649 262.8504 15.08835824251480
STARLINK-3207           
1 49756U 21115AJ  26175.26650033  .00088564  00000+0  53970-2 0  9993
2 49756  53.1603  20.5317 0000763  90.5231 269.5848 15.09619665251766
STARLINK-3197           
1 49757U 21115AK  26174.99172093  .00129710  00000+0  74520-2 0  9991
2 49757  53.1608  21.7428 0000674  56.3008 303.8049 15.11509790251722
STARLINK-3194           
1 49758U 21115AL  26175.00766961  .00176745  00000+0  10391-1 0  9993
2 49758  53.1588  21.6819 0001394  83.6925 276.4226 15.10413765251721
STARLINK-3204           
1 49759U 21115AM  26175.25897838  .00175066  00000+0  99481-2 0  9992
2 49759  53.1603  20.5270 0001321 112.2596 247.8537 15.11653848251762
STARLINK-3199           
1 49760U 21115AN  26175.28086113  .00115882  00000+0  69875-2 0  9997
2 49760  53.1568  20.4628 0001274 214.0558 146.0352 15.09835858251772
STARLINK-3203           
1 49761U 21115AP  26175.00161404  .00155350  00000+0  88410-2 0  9995
2 49761  53.1600  21.6855 0000648 126.4445 233.6608 15.11707154251722
STARLINK-3198           
1 49763U 21115AR  26174.88096170  .00000855  00000+0  71810-4 0  9996
2 49763  53.1606  22.2738 0001196  93.6070 266.5058 15.08837130251712
STARLINK-3190           
1 49766U 21115AU  26175.03371859  .00166714  00000+0  97062-2 0  9999
2 49766  53.1605  21.5669 0000447 109.3279 250.7762 15.10821531251733
STARLINK-3192           
1 49767U 21115AV  26175.15899575  .00154434  00000+0  91752-2 0  9999
2 49767  53.1600  21.0056 0001642  78.6280 281.4896 15.10154500251758
STARLINK-3196           
1 49768U 21115AW  26173.32063859  .00000147  00000+0  27310-4 0  9997
2 49768  53.1611  29.2877 0001415  88.3387 271.7767 15.08835974251472
STARLINK-3208           
1 49769U 21115AX  26174.97759567 -.00003160  00000+0 -18040-3 0  9997
2 49769  53.1597  21.8877 0001478  86.4195 273.6966 15.08859166251728
STARLINK-3191           
1 49770U 21115AY  26174.98496864 -.00000832  00000+0 -34202-4 0  9990
2 49770  53.1598  21.8556 0001472  94.2055 265.9104 15.08828442252846
STARLINK-3297           
1 50159U 21125D   26175.20945295  .00000701  00000+0  62184-4 0  9990
2 50159  53.1603 140.8084 0001142  88.9514 271.1609 15.08821767252536
STARLINK-3304           
1 50161U 21125F   26175.15330347  .00000536  00000+0  51759-4 0  9995
2 50161  53.1605 141.0506 0001187  79.5275 280.5850 15.08834515252528
STARLINK-3298           
1 50165U 21125K   26175.20480080  .00000007  00000+0  18525-4 0  9992
2 50165  53.1614 140.8193 0001377  88.3971 271.7178 15.08831748252589
STARLINK-3305           
1 50166U 21125L   26175.15514628  .00000011  00000+0  18798-4 0  9990
2 50166  53.1601 130.9739 0001344  90.0012 270.1134 15.08837525252665
STARLINK-3271           
1 50167U 21125M   26175.19839882 -.00000628  00000+0 -21337-4 0  9996
2 50167  53.1606 140.8573 0001659  76.5160 283.6016 15.08831438252530
STARLINK-3245           
1 50170U 21125Q   26175.15051981 -.00000102  00000+0  11689-4 0  9997
2 50170  53.1594 131.0627 0001339  79.7646 280.3497 15.08834127252660
STARLINK-3287           
1 50172U 21125S   26175.14315985  .00000506  00000+0  49894-4 0  9991
2 50172  53.1594 131.0948 0001406  89.8382 270.2771 15.08835343252701
STARLINK-3291           
1 50175U 21125V   26175.15420034 -.00000152  00000+0  85319-5 0  9998
2 50175  53.1601 131.0453 0001549  83.7320 276.3848 15.08833506252674
STARLINK-3293           
1 50176U 21125W   26175.20204230  .00000174  00000+0  29036-4 0  9999
2 50176  53.1601 130.8311 0001370  88.1574 271.9574 15.08835648252729
STARLINK-3283           
1 50179U 21125Z   26175.13947895  .00000339  00000+0  39411-4 0  9996
2 50179  53.1598 131.1119 0001522  77.3206 282.7956 15.08836935252676
STARLINK-3265           
1 50180U 21125AA  26175.19197674  .00000389  00000+0  42601-4 0  9996
2 50180  53.1595 130.8860 0001885 103.7998 256.3204 15.08816620252726
STARLINK-3285           
1 50181U 21125AB  26175.18460356  .00000940  00000+0  77153-4 0  9999
2 50181  53.1609 130.9205 0001227  87.5583 272.5549 15.08830034252688
STARLINK-3281           
1 50183U 21125AD  26175.17985063  .00002151  00000+0  15303-3 0  9991
2 50183  53.1608 130.9305 0001574  80.4590 279.6579 15.08888670252720
STARLINK-3279           
1 50185U 21125AF  26175.19101632 -.00002036  00000+0 -10990-3 0  9998
2 50185  53.1607 130.9188 0000862 100.3910 259.7178 15.08836860252680
STARLINK-3274           
1 50186U 21125AG  26175.26533007  .00169810  00000+0  10007-1 0  9991
2 50186  53.1601 140.5258 0001854  58.6872 301.4302 15.10366445252543
STARLINK-3272           
1 50187U 21125AH  26175.12254297  .00020231  00000+0  11781-2 0  9992
2 50187  53.2146 120.2068 0001795  63.5272 296.5905 15.12020480252806
STARLINK-3273           
1 50191U 21125AM  26175.29312148  .00000270  00000+0  35075-4 0  9990
2 50191  53.1602 140.4212 0001379  86.9662 273.1488 15.08834917252543
STARLINK-3259           
1 50192U 21125AN  26175.14776014 -.00000012  00000+0  17366-4 0  9999
2 50192  53.1604 121.0764 0001392  90.4168 269.6983 15.08831750252800
STARLINK-3261           
1 50193U 21125AP  26175.15880784 -.00000007  00000+0  17669-4 0  9991
2 50193  53.1601 121.0264 0001456  88.9537 271.1621 15.08841399252858
STARLINK-3266           
1 50195U 21125AR  26175.15512345  .00000343  00000+0  39672-4 0  9998
2 50195  53.1609 121.0427 0001357  85.3207 274.7939 15.08833066252802
STARLINK-3267           
1 50197U 21125AT  26175.14039727 -.00002127  00000+0 -11565-3 0  9991
2 50197  53.1608 121.1094 0001243  83.4602 276.6531 15.08824080252856
STARLINK-3264           
1 50198U 21125AU  26175.12568130 -.00000100  00000+0  11805-4 0  9991
2 50198  53.1606 121.1750 0001369  88.1092 272.0056 15.08835231252805
STARLINK-3270           
1 50199U 21125AV  26175.17352355  .00002755  00000+0  19110-3 0  9990
2 50199  53.1593 120.9586 0001400  88.4101 271.7051 15.08843195252804
STARLINK-3235           
1 50200U 21125AW  26175.12935449 -.00000341  00000+0 -33197-5 0  9993
2 50200  53.1609 121.1194 0001336  94.0574 266.0570 15.08834028252817
STARLINK-3256           
1 50202U 21125AY  26175.10360397  .00000472  00000+0  47728-4 0  9994
2 50202  53.1611 121.2734 0001441  92.0920 268.0236 15.08832502252796
STARLINK-3257           
1 50203U 21125AZ  26175.13768832 -.00000176  00000+0  70412-5 0  9993
2 50203  53.1612 121.2075 0001553  91.4070 268.7100 15.08833385252864
STARLINK-3254           
1 50204U 21125BA  26175.11191882  .00000954  00000+0  78058-4 0  9993
2 50204  53.1599 121.2443 0001344  91.9283 268.1863 15.08835472252855
STARLINK-3260           
1 50205U 21125BB  26174.98587855 -.00000069  00000+0  13790-4 0  9997
2 50205  53.1627  91.8033 0001829  93.1402 266.9798 15.08832973253206
STARLINK-3323           
1 50804U 22001B   26174.93800169  .00000516  00000+0  50543-4 0  9990
2 50804  53.1608  42.0185 0001259  86.1324 273.9812 15.08831935246583
STARLINK-3333           
1 50805U 22001C   26174.93432192  .00000413  00000+0  44068-4 0  9999
2 50805  53.1605  42.0352 0001313  80.0175 280.0964 15.08830514246584
STARLINK-3335           
1 50806U 22001D   26174.93064252  .00000187  00000+0  29872-4 0  9992
2 50806  53.1622  42.0528 0001261  85.1959 274.9177 15.08830388246584
STARLINK-3355           
1 50808U 22001F   26174.92328373 -.00000049  00000+0  15034-4 0  9993
2 50808  53.1620  42.0855 0001497  87.7887 272.3276 15.08827717246580
STARLINK-3232           
1 50809U 22001G   26174.92696163  .00000049  00000+0  21188-4 0  9995
2 50809  53.1618  42.0693 0001341  89.5646 270.5499 15.08830440246583
STARLINK-3338           
1 50812U 22001K   26174.95272826  .00001591  00000+0  11805-3 0  9995
2 50812  53.1589  42.0574 0001162  90.8605 269.2520 15.08841297246585
STARLINK-3324           
1 50814U 22001M   26174.95548223  .00000218  00000+0  31771-4 0  9994
2 50814  53.1661  51.9443 0000251  54.5767 305.5248 15.08831434246455
STARLINK-3234           
1 50815U 22001N   26174.96652311  .00000051  00000+0  21314-4 0  9997
2 50815  53.1609  51.8926 0001446  95.5086 264.6070 15.08832603246456
STARLINK-3341           
1 50817U 22001Q   26174.96284656  .00000097  00000+0  24179-4 0  9994
2 50817  53.1619  51.9080 0001617 100.5976 259.5197 15.08829251246454
STARLINK-3336           
1 50818U 22001R   26174.94444161  .00000287  00000+0  36114-4 0  9995
2 50818  53.1597  51.9907 0001433  89.0192 271.0964 15.08832437246445
STARLINK-3327           
1 50819U 22001S   26174.95180006  .00000012  00000+0  18870-4 0  9997
2 50819  53.1591  51.9584 0001092  96.3005 263.8111 15.08831050246450
STARLINK-3339           
1 50820U 22001T   26175.06588236  .00002481  00000+0  17399-3 0  9995
2 50820  53.1599  51.4453 0001370  85.4151 274.6997 15.08828833246468
STARLINK-3346           
1 50821U 22001U   26174.97386856 -.00013905  00000+0 -85591-3 0  9993
2 50821  53.1613  51.7420 0001313 108.1132 252.0002 15.08894378246455
STARLINK-3343           
1 50822U 22001V   26174.39612235  .00001338  00000+0  10214-3 0  9998
2 50822  53.1612  54.4551 0001452  98.6835 261.4321 15.08843586246360
STARLINK-3334           
1 50823U 22001W   26174.95916441 -.00000007  00000+0  17657-4 0  9999
2 50823  53.1612  51.9255 0001470  88.3804 271.7356 15.08831835246452
STARLINK-3332           
1 50825U 22001Y   26174.92971813  .00001483  00000+0  11128-3 0  9996
2 50825  53.1607  52.0549 0000822  95.7078 264.4007 15.08830425246446
STARLINK-3329           
1 50827U 22001AA  26174.94076090  .00000170  00000+0  28801-4 0  9992
2 50827  53.1643  52.0081 0001324  89.8861 270.2282 15.08831879246445
STARLINK-3290           
1 50828U 22001AB  26174.92698223  .00000864  00000+0  72360-4 0  9998
2 50828  53.1615  51.9610 0001442  87.2920 272.8237 15.08834716246294
STARLINK-3294           
1 50829U 22001AC  26174.94811921 -.00000133  00000+0  97608-5 0  9996
2 50829  53.1611  51.9744 0001414  92.8449 267.2704 15.08834215246444
STARLINK-3278           
1 50830U 22001AD  26175.02933740  .00170817  00000+0  99753-2 0  9998
2 50830  53.1614  61.5840 0001711  91.0306 269.0882 15.10689289246322
STARLINK-3299           
1 50831U 22001AE  26174.97757248 -.00005533  00000+0 -32957-3 0  9997
2 50831  53.1616  51.9092 0001516  88.0647 272.0519 15.08862119246451
STARLINK-3328           
1 50832U 22001AF  26175.16323852  .00011156  00000+0  71049-3 0  9991
2 50832  53.1731  61.0555 0001417 102.9451 257.1699 15.09223547246343
STARLINK-3310           
1 50835U 22001AJ  26174.98166374  .00013982  00000+0  84870-3 0  9992
2 50835  53.2166  61.6617 0001747 101.5139 258.6051 15.10777542246314
STARLINK-3318           
1 50837U 22001AL  26174.98124229 -.00000042  00000+0  15448-4 0  9997
2 50837  53.1616  51.8241 0001319  90.3103 269.8039 15.08832741246455
STARLINK-3295           
1 50840U 22001AP  26174.99098301  .00120523  00000+0  69992-2 0  9990
2 50840  53.1612  61.7397 0001775  88.7817 271.3379 15.11173582246300
STARLINK-3326           
1 50844U 22001AT  26175.17606546  .00157900  00000+0  91518-2 0  9999
2 50844  53.1605  60.9195 0002474 111.8222 248.3034 15.11033054246343
STARLINK-3315           
1 50848U 22001AX  26174.97295990  .00000235  00000+0  32873-4 0  9996
2 50848  53.1611  61.8633 0001490  92.3854 267.7308 15.08831290246312
STARLINK-3312           
1 50850U 22001AZ  26175.18473773  .00139321  00000+0  83125-2 0  9993
2 50850  53.1602  20.8909 0001548  83.5011 276.6158 15.10085553247440
STARLINK-3314           
1 50851U 22001BA  26175.29186638  .00114187  00000+0  68800-2 0  9993
2 50851  53.1611  60.3387 0001217  98.3356 261.7775 15.09874526246363
STARLINK-3366           
1 51104U 22005A   26175.24939118  .00017244  00000+0  10828-2 0  9996
2 51104  53.1897 170.6395 0001394  72.0929 288.0215 15.09379904244961
STARLINK-3350           
1 51105U 22005B   26175.16156440 -.00000114  00000+0  10906-4 0  9995
2 51105  53.1593 171.0127 0001143  80.3852 279.7269 15.08831059244950
STARLINK-3176           
1 51106U 22005C   26175.27197676 -.00000563  00000+0 -17270-4 0  9994
2 51106  53.1586 170.5150 0001044  73.6094 286.5012 15.08824555244962
STARLINK-3362           
1 51108U 22005E   26175.29036089  .00000122  00000+0  25750-4 0  9999
2 51108  53.1591 170.4333 0001236  80.7215 279.3916 15.08833384244973
STARLINK-3358           
1 51109U 22005F   26175.24251949  .00000026  00000+0  19707-4 0  9997
2 51109  53.1580 170.5993 0000972  82.3049 277.8053 15.08830359244732
STARLINK-3344           
1 51110U 22005G   26175.27931638 -.00000367  00000+0 -49526-5 0  9995
2 51110  53.1589 170.4611 0001266  94.4586 265.6550 15.08822434244974
STARLINK-3173           
1 51111U 22005H   26175.25723701  .00000602  00000+0  55941-4 0  9991
2 51111  53.1585 170.5813 0001174  75.1680 284.9441 15.08839257244968
STARLINK-3374           
1 51112U 22005J   26175.27661199  .00000678  00000+0  60684-4 0  9999
2 51112  53.1589 170.4663 0001153  74.4313 285.6806 15.08833837244979
STARLINK-3372           
1 51113U 22005K   26175.26828306  .00000832  00000+0  70410-4 0  9994
2 51113  53.1574 170.5292 0000790  90.6420 269.4662 15.08811049244968
STARLINK-3375           
1 51114U 22005L   26175.28668138 -.00000003  00000+0  17922-4 0  9992
2 51114  53.1600 170.4483 0001316  61.5949 298.5175 15.08828890244973
STARLINK-3397           
1 51115U 22005M   26175.26091830 -.00000182  00000+0  66649-5 0  9999
2 51115  53.1587 170.5645 0001166  79.0019 281.1104 15.08835683244961
STARLINK-3243           
1 51116U 22005N   26175.27291335 -.00000324  00000+0 -22762-5 0  9990
2 51116  53.1594 170.4839 0001268  78.2232 281.8902 15.08834267244965
STARLINK-3391           
1 51117U 22005P   26175.16890801  .00000274  00000+0  35298-4 0  9991
2 51117  53.1584 170.8679 0001233  84.4129 275.7003 15.08832882244951
STARLINK-3394           
1 51118U 22005Q   26175.26459964 -.00000100  00000+0  11829-4 0  9997
2 51118  53.1587 170.5483 0001262  83.2941 276.8194 15.08835679244967
STARLINK-3398           
1 51120U 22005S   26175.16989715 -.00001538  00000+0 -78564-4 0  9997
2 51120  53.1583 170.9882 0001284  81.0234 279.0903 15.08837851244954
STARLINK-3399           
1 51121U 22005T   26175.25084004  .00001077  00000+0  85743-4 0  9998
2 51121  53.1586 170.6202 0001285  87.1365 272.9774 15.08835732244969
STARLINK-3392           
1 51123U 22005V   26175.29772683  .00000545  00000+0  52376-4 0  9996
2 51123  53.1591 170.4005 0001236  86.6307 273.4826 15.08818399244977
STARLINK-3389           
1 51124U 22005W   26175.27472299  .00000439  00000+0  45679-4 0  9995
2 51124  53.1584 180.5022 0001234  88.5334 271.5799 15.08834207244839
STARLINK-3387           
1 51125U 22005X   26175.19842377 -.00001453  00000+0 -73295-4 0  9999
2 51125  53.1580 180.8554 0000587  79.8890 280.2167 15.08813857244800
STARLINK-3400           
1 51128U 22005AA  26175.31520208 -.00001873  00000+0 -99622-4 0  9990
2 51128  53.1582 180.3217 0000898  75.7693 284.3399 15.08834267244829
STARLINK-3396           
1 51129U 22005AB  26175.27567838  .00000124  00000+0  25885-4 0  9992
2 51129  53.1585 180.4983 0001107  74.1854 285.9259 15.08833917244823
STARLINK-3395           
1 51130U 22005AC  26175.19376527  .00000591  00000+0  55223-4 0  9995
2 51130  53.1587 180.8679 0001146  91.8851 268.2272 15.08831188244804
STARLINK-3393           
1 51132U 22005AE  26175.19008319 -.00000147  00000+0  88287-5 0  9993
2 51132  53.1585 180.8840 0001163  75.5261 284.5859 15.08831281244803
STARLINK-3356           
1 51133U 22005AF  26175.30889208  .00198020  00000+0  11519-1 0  9998
2 51133  53.1593 180.3227 0001358  31.1736 328.9337 15.10682877244822
STARLINK-3363           
1 51135U 22005AH  26175.29750088  .00034759  00000+0  21754-2 0  9992
2 51135  53.1580 180.2944 0001098  55.8522 304.2573 15.09105473244821
STARLINK-3253           
1 51136U 22005AJ  26175.28926101  .00020094  00000+0  12717-2 0  9999
2 51136  53.1584 180.2329 0001341  43.8247 316.2851 15.08991949244827
STARLINK-3180           
1 51137U 22005AK  26175.29563009  .00127279  00000+0  76541-2 0  9993
2 51137  53.1597 180.3983 0001137  43.8079 316.3003 15.09867338244831
STARLINK-3177           
1 51138U 22005AL  26175.30168085  .00010886  00000+0  69342-3 0  9998
2 51138  53.1707 180.3776 0001454  59.4700 300.6435 15.09241350244825
STARLINK-3172           
1 51139U 22005AM  26175.28898603  .00135720  00000+0  81233-2 0  9999
2 51139  53.1590 180.4353 0001096  54.1547 305.9546 15.09990498244837
STARLINK-3179           
1 51141U 22005AP  26175.28037788  .00152674  00000+0  90688-2 0  9992
2 51141  53.1604 180.4565 0001015  59.1086 301.0006 15.10171487244834
STARLINK-3354           
1 51146U 22005AU  26175.29092522  .00214657  00000+0  12352-1 0  9996
2 51146  53.1604 180.4059 0001398  44.7360 315.3745 15.10987706244822
STARLINK-3357           
1 51150U 22005AY  26175.30780017  .00000604  00000+0  56020-4 0  9994
2 51150  53.1593 179.9691 0001302  82.8927 277.2213 15.08841174244849
STARLINK-3364           
1 51152U 22005BA  26175.21487721  .00000326  00000+0  38601-4 0  9998
2 51152  53.1592 190.3865 0001025  74.8506 285.2599 15.08832062244680
STARLINK-3181           
1 51461U 22010F   26175.21768198  .00000601  00000+0  55849-4 0  9996
2 51461  53.1587 160.7593 0001240  83.7988 276.3145 15.08834537242908
STARLINK-3189           
1 51464U 22010J   26175.27290097  .00000906  00000+0  75020-4 0  9994
2 51464  53.1591 160.5131 0001962  75.5950 284.5260 15.08835591243418
STARLINK-3401           
1 51465U 22010K   26175.20296535  .00000558  00000+0  53173-4 0  9999
2 51465  53.1591 160.8266 0001033  86.0904 274.0205 15.08830338243402
STARLINK-3178           
1 51467U 22010M   26175.18456178 -.00000105  00000+0  11501-4 0  9997
2 51467  53.1593 160.9077 0001337  86.6330 273.4815 15.08830138242590
STARLINK-3174           
1 51468U 22010N   26175.25815693 -.00001034  00000+0 -46904-4 0  9995
2 51468  53.1594 160.5402 0001227  89.5539 270.5593 15.08835521242605
STARLINK-3182           
1 51469U 22010P   26175.21032429  .00000503  00000+0  49716-4 0  9992
2 51469  53.1590 160.7938 0001217  85.1883 274.9247 15.08833303242904
STARLINK-3415           
1 51472U 22010S   26175.25174998 -.00000056  00000+0  14561-4 0  9992
2 51472  53.1597 160.5385 0001283  74.9340 285.1793 15.08832386242917
STARLINK-3528           
1 51714U 22016A   26174.79451491 -.00000781  00000+0 -30998-4 0  9999
2 51714  53.1596 212.6400 0000927  58.8227 301.2856 15.08831846239445
STARLINK-3543           
1 51716U 22016C   26174.39611864 -.00000033  00000+0  15989-4 0  9991
2 51716  53.1585 214.4524 0000599  62.5831 297.5221 15.08831849239389
STARLINK-3540           
1 51719U 22016F   26174.39244913 -.00000176  00000+0  70641-5 0  9996
2 51719  53.1583 214.5453 0001146  84.2428 275.8694 15.08835153239389
STARLINK-3535           
1 51722U 22016J   26174.83036610  .00000682  00000+0  60882-4 0  9998
2 51722  53.1582 212.4990 0000522  43.5670 316.5362 15.08842901239440
STARLINK-3529           
1 51724U 22016L   26174.88924689  .00000460  00000+0  46975-4 0  9998
2 51724  53.1579 212.2348 0001039  78.8435 281.2673 15.08829968239459
STARLINK-3522           
1 51725U 22016M   26174.66668981 -.00001671  00000+0 -86916-4 0  9991
2 51725  53.1569 213.2358 0001044  78.0019  92.5682 15.08839791  5816
STARLINK-3527           
1 51726U 22016N   26174.76621779  .00010572  00000+0  62672-3 0  9997
2 51726  53.2142 201.8903 0001992  18.2378 341.8687 15.11897631239590
STARLINK-3532           
1 51727U 22016P   26174.82668208  .00000582  00000+0  54640-4 0  9990
2 51727  53.1578 212.5151 0001080  87.2051 272.9064 15.08836590239449
STARLINK-3523           
1 51729U 22016R   26175.26457129  .00092972  00000+0  56602-2 0  9991
2 51729  53.1581 200.5384 0002199  51.6315 308.4874 15.09625499239652
STARLINK-3514           
1 51731U 22016T   26175.25659392  .00139496  00000+0  83283-2 0  9997
2 51731  53.1596 200.5675 0001296  64.8940 295.2186 15.10060780239658
STARLINK-3518           
1 51732U 22016U   26174.77975597  .00000107  00000+0  24819-4 0  9990
2 51732  53.1577 202.7307 0000885  84.3079 275.8013 15.08830718240723
STARLINK-3525           
1 51733U 22016V   26174.78754726  .00058211  00000+0  35993-2 0  9993
2 51733  53.1582 202.6962 0000816 168.1449 191.9562 15.09305839239583
STARLINK-3450           
1 51734U 22016W   26175.29718085  .00137380  00000+0  82157-2 0  9998
2 51734  53.1580 200.3874 0001951 126.8009 233.3163 15.10011594239653
STARLINK-3517           
1 51735U 22016X   26174.77607894 -.00001539  00000+0 -78661-4 0  9991
2 51735  53.1590 202.7447 0001014  63.2431 296.8664 15.08829675239586
STARLINK-3447           
1 51736U 22016Y   26174.30462657  .00129473  00000+0  77636-2 0  9992
2 51736  53.1589 204.9376 0001954  91.4751 268.6465 15.09959618239501
STARLINK-3509           
1 51737U 22016Z   26175.30064747  .00149193  00000+0  88747-2 0  9998
2 51737  53.1584 200.3704 0002473 141.4334 218.6835 15.10138905239654
STARLINK-3515           
1 51738U 22016AA  26175.08359030  .00123172  00000+0  73876-2 0  9992
2 51738  53.1599 201.3445 0002327  87.2390 272.8869 15.09987054239622
STARLINK-3516           
1 51739U 22016AB  26175.29335190  .00150372  00000+0  89469-2 0  9994
2 51739  53.1585 200.4015 0001266  73.2914 286.8217 15.10124081239659
STARLINK-3500           
1 51740U 22016AC  26175.27531309  .00125645  00000+0  75542-2 0  9996
2 51740  53.1584 200.4855 0001949 132.2127 227.9031 15.09884468239652
STARLINK-3520           
1 51741U 22016AD  26175.28671320  .00164361  00000+0  97231-2 0  9993
2 51741  53.1595 200.4389 0001499  67.5167 292.5983 15.10255884239651
STARLINK-3521           
1 51742U 22016AE  26175.28902180  .00188813  00000+0  11045-1 0  9991
2 51742  53.1594 200.6072 0001757  73.3138 286.8047 15.10528517239655
STARLINK-3512           
1 51743U 22016AF  26175.22540106  .00059561  00000+0  36798-2 0  9992
2 51743  53.1578 190.6418 0001419  59.5849 300.5283 15.09324405239788
STARLINK-3452           
1 51744U 22016AG  26175.26693830  .00171569  00000+0  10077-1 0  9994
2 51744  53.1606 200.5419 0001348  91.4258 268.6888 15.10478254239658
STARLINK-3449           
1 51745U 22016AH  26175.27867698  .00143197  00000+0  85407-2 0  9997
2 51745  53.1589 200.4677 0002143 126.5516 233.5673 15.10075973239659
STARLINK-3502           
1 51746U 22016AJ  26175.29684083  .00000192  00000+0  30187-4 0  9999
2 51746  53.1580 190.4126 0001115  84.7174 275.3944 15.08833856239790
STARLINK-3446           
1 51747U 22016AK  26175.27129930  .00181893  00000+0  10632-1 0  9991
2 51747  53.1591 200.5391 0002014 121.9928 238.1260 15.10594650239652
STARLINK-3501           
1 51748U 22016AL  26175.28587435  .00186968  00000+0  10881-1 0  9995
2 51748  53.1589 190.4247 0001849 102.3959 257.7241 15.10726671239790
STARLINK-3451           
1 51749U 22016AM  26174.98169026  .00159884  00000+0  90564-2 0  9998
2 51749  53.1594 201.9583 0001783  79.9868 280.1326 15.11851864239601
STARLINK-3505           
1 51750U 22016AN  26175.21588460  .00000435  00000+0  45414-4 0  9997
2 51750  53.1589 190.7784 0001075  79.0096 281.1016 15.08826681239784
STARLINK-3506           
1 51751U 22016AP  26175.28997226  .00193332  00000+0  11121-1 0  9993
2 51751  53.1592 190.4097 0002187 134.9121 225.2049 15.11113482239796
STARLINK-3507           
1 51753U 22016AR  26175.21654609  .00159029  00000+0  92321-2 0  9990
2 51753  53.1582 190.7400 0002096  42.4964 317.6190 15.10968710239788
STARLINK-3457           
1 51754U 22016AS  26175.31418879  .00009608  00000+0  61977-3 0  9990
2 51754  53.1584 190.0819 0000708  59.6343 300.4719 15.08907344239800
STARLINK-3460           
1 51755U 22016AT  26175.27223764  .00142066  00000+0  84757-2 0  9999
2 51755  53.1585 190.4973 0001161  84.0632 276.0492 15.10072070239790
STARLINK-3513           
1 51756U 22016AU  26175.30873460  .00163060  00000+0  96444-2 0  9991
2 51756  53.1607 190.3297 0001084  89.9097 270.2019 15.10269306239800
STARLINK-3459           
1 51757U 22016AV  26175.30623819  .00150926  00000+0  89763-2 0  9996
2 51757  53.1607 190.3527 0001148  59.8953 300.2153 15.10135749239801
STARLINK-3458           
1 51758U 22016AW  26175.29811718  .00135794  00000+0  81271-2 0  9994
2 51758  53.1591 190.3310 0000794  50.3327 309.7735 15.09992567240945
STARLINK-3456           
1 51759U 22016AX  26175.30081142  .00187250  00000+0  10944-1 0  9999
2 51759  53.1596 190.3591 0001141  51.5768 308.5327 15.10568556239807
STARLINK-3622           
1 51768U 22017A   26174.86992323  .00000751  00000+0  65263-4 0  9999
2 51768  53.1582 222.3214 0001176  86.0055 274.1071 15.08833207240070
STARLINK-3621           
1 51769U 22017B   26175.30090899  .00005136  00000+0  33090-3 0  9991
2 51769  53.2147 220.2575 0001176  49.0335 311.0760 15.09904324238709
STARLINK-3612           
1 51770U 22017C   26174.86624094  .00000598  00000+0  55650-4 0  9997
2 51770  53.1582 222.3377 0001187  85.9503 274.1624 15.08834733238640
STARLINK-3614           
1 51771U 22017D   26174.52769348  .00000685  00000+0  61146-4 0  9997
2 51771  53.1583 223.8495 0001010  86.0677 274.0430 15.08832974238580
STARLINK-3623           
1 51772U 22017E   26174.85152332  .00000347  00000+0  39865-4 0  9991
2 51772  53.1584 222.4041 0001092  73.5308 286.5804 15.08832573238629
STARLINK-3624           
1 51773U 22017F   26174.85353049  .00009053  00000+0  58100-3 0  9995
2 51773  53.1844 222.3895 0000973  65.3583 294.7510 15.09164856238635
STARLINK-3629           
1 51774U 22017G   26174.84416817  .00000305  00000+0  37255-4 0  9998
2 51774  53.1584 222.4377 0001068  81.6343 278.4770 15.08827299238592
STARLINK-3608           
1 51776U 22017J   26175.30416168  .00000584  00000+0  54775-4 0  9996
2 51776  53.1583 220.3689 0001080  86.1854 273.9261 15.08833068238661
STARLINK-3625           
1 51777U 22017K   26174.84511770  .00000518  00000+0  50609-4 0  9999
2 51777  53.1590 222.4049 0000996  86.5279 273.5826 15.08830743238629
STARLINK-3615           
1 51778U 22017L   26174.51754341  .00000094  00000+0  24010-4 0  9993
2 51778  53.1579 213.7803 0001158  85.4969 274.6155 15.08836181238532
STARLINK-3611           
1 51779U 22017M   26175.30512789  .00000503  00000+0  49681-4 0  9996
2 51779  53.1582 220.4132 0001064  83.9852 276.1261 15.08831167238665
STARLINK-3617           
1 51780U 22017N   26174.82576026  .00000476  00000+0  48014-4 0  9996
2 51780  53.1588 222.5111 0001185  65.1628 294.9486 15.08825407238443
STARLINK-3580           
1 51781U 22017P   26174.82944911 -.00001348  00000+0 -66665-4 0  9992
2 51781  53.1595 222.4666 0001163  83.0267 277.0857 15.08822754238446
STARLINK-3638           
1 51786U 22017U   26175.30008837  .00202794  00000+0  11694-1 0  9994
2 51786  53.1603 230.3555 0001563  53.6714 306.4422 15.10972899238376
STARLINK-3641           
1 51788U 22017W   26175.28918278  .00203573  00000+0  11757-1 0  9998
2 51788  53.1606 230.4070 0001660  57.6187 302.4966 15.10914494240010
STARLINK-3639           
1 51789U 22017X   26175.30692077  .00000914  00000+0  75504-4 0  9995
2 51789  53.1584 230.3567 0001199  84.0472 276.0656 15.08831815238374
STARLINK-3631           
1 51790U 22017Y   26175.28233437  .00003109  00000+0  21030-3 0  9998
2 51790  53.2123 230.5336 0000461  85.8938 274.2107 15.09370435240066
STARLINK-3602           
1 51791U 22017Z   26175.29741244  .00180281  00000+0  10587-1 0  9990
2 51791  53.1595 230.3771 0001641  89.2718 270.8462 15.10435385240014
STARLINK-3626           
1 51792U 22017AA  26174.15404803  .00086913  00000+0  52984-2 0  9997
2 51792  53.1590 235.5290 0001713 349.7431  10.3525 15.09616472239896
STARLINK-3586           
1 51795U 22017AD  26174.10191429  .00144060  00000+0  85826-2 0  9991
2 51795  53.1587 235.9564 0001940  68.6436 291.4763 15.10111937239835
STARLINK-3592           
1 51801U 22017AK  26174.99922445  .00175123  00000+0  10267-1 0  9996
2 51801  53.1597 231.7159 0002154 112.5112 247.6108 15.10522437239978
STARLINK-3601           
1 51804U 22017AN  26174.80459955  .00000200  00000+0  30628-4 0  9999
2 51804  53.1586 212.6166 0001020  71.9775 288.1327 15.08832789240177
STARLINK-3605           
1 51805U 22017AP  26174.80829068  .00000310  00000+0  37569-4 0  9999
2 51805  53.1585 212.6766 0001041  31.9897 328.1158 15.08830427240261
STARLINK-3606           
1 51807U 22017AR  26174.82207880 -.00000035  00000+0  15869-4 0  9999
2 51807  53.1593 222.5373 0000932  76.9054 283.2041 15.08830733240136
STARLINK-3609           
1 51808U 22017AS  26174.54239942  .00001028  00000+0  82639-4 0  9994
2 51808  53.1588 223.7940 0000844  78.5635 281.5451 15.08835402239940
STARLINK-3607           
1 51809U 22017AT  26174.54976098  .00000546  00000+0  52377-4 0  9995
2 51809  53.1584 223.7219 0001096  83.0838 277.0278 15.08836387240045
STARLINK-3613           
1 51810U 22017AU  26174.38880020  .00002564  00000+0  17919-3 0  9992
2 51810  53.1583 214.7063 0001150  54.7006 305.4093 15.08827370240038
STARLINK-3569           
1 51811U 22017AV  26174.41360728 -.00000375  00000+0 -55022-5 0  9994
2 51811  53.1585 224.3731 0001222  79.5977 280.5152 15.08830460239921
STARLINK-3610           
1 51812U 22017AW  26174.81932291  .00000553  00000+0  52857-4 0  9997
2 51812  53.1590 212.5497 0001136  84.9721 275.1401 15.08831626240101
STARLINK-3552           
1 51813U 22017AX  26174.80093334 -.00000964  00000+0 -42515-4 0  9991
2 51813  53.1580 212.6614 0000999  77.8561 282.2542 15.08825748240105
STARLINK-3599           
1 51814U 22017AY  26174.81196272  .00000158  00000+0  28039-4 0  9996
2 51814  53.1590 212.5837 0001187  83.0760 277.0366 15.08830654240101
STARLINK-3545           
1 51855U 22022D   26174.94978132  .00098373  00000+0  59728-2 0  9997
2 51855  53.1591 261.8748 0001186 107.1362 252.9760 15.09691212239014
STARLINK-3568           
1 51856U 22022E   26174.96269809  .00021732  00000+0  13731-2 0  9993
2 51856  53.1584 261.9127 0000673 229.0017 131.0917 15.09006005239099
STARLINK-3571           
1 51857U 22022F   26174.95080454  .00107113  00000+0  64885-2 0  9994
2 51857  53.1583 261.9583 0000827 234.7091 125.3824 15.09721503239068
STARLINK-3563           
1 51858U 22022G   26174.95456752  .00000834  00000+0  70506-4 0  9994
2 51858  53.1599 261.9437 0001203  90.1393 269.9737 15.08826808239063
STARLINK-3560           
1 51859U 22022H   26174.90491847  .00000005  00000+0  18409-4 0  9998
2 51859  53.1596 252.1734 0001096  81.5040 278.6075 15.08832653239197
STARLINK-3559           
1 51860U 22022J   26174.91131969  .00000280  00000+0  35659-4 0  9998
2 51860  53.1600 252.1353 0001024  83.7092 276.4016 15.08833245239159
STARLINK-3562           
1 51861U 22022K   26174.49915613  .00000166  00000+0  28514-4 0  9993
2 51861  53.1584 253.9881 0000991  86.7654 273.3451 15.08836946239009
STARLINK-3508           
1 51862U 22022L   26174.90763918  .00000314  00000+0  37807-4 0  9999
2 51862  53.1593 252.1523 0001059  83.1193 276.9919 15.08833361239207
STARLINK-3555           
1 51863U 22022M   26174.62427969  .00002085  00000+0  14904-3 0  9991
2 51863  53.1571 253.4268 0001158  69.0649 291.0466 15.08840516239107
STARLINK-3548           
1 51864U 22022N   26174.62794608  .00000123  00000+0  25839-4 0  9990
2 51864  53.1585 253.3314 0001099  83.8257 276.2860 15.08836932239152
STARLINK-3503           
1 51865U 22022P   26174.94811845 -.00000575  00000+0 -18029-4 0  9995
2 51865  53.1584 251.9713 0001147  84.0608 276.0514 15.08828538239153
STARLINK-3553           
1 51866U 22022Q   26174.94537888 -.00000158  00000+0  81352-5 0  9994
2 51866  53.1587 251.8375 0001108  94.3790 265.7328 15.08835000239153
STARLINK-3590           
1 51867U 22022R   26174.94443673  .00000209  00000+0  31183-4 0  9995
2 51867  53.1568 251.9869 0000724  88.0393 272.0682 15.08835577239157
STARLINK-3578           
1 51868U 22022S   26174.95179842  .00000314  00000+0  37822-4 0  9994
2 51868  53.1584 251.9547 0001087  75.7931 284.3181 15.08836731239156
STARLINK-3588           
1 51869U 22022T   26174.93338620  .00003304  00000+0  22539-3 0  9994
2 51869  53.1590 252.0373 0000627  68.4384 291.6675 15.08863173239152
STARLINK-3591           
1 51870U 22022U   26174.94076035  .00000839  00000+0  70827-4 0  9990
2 51870  53.1597 252.0031 0001155  83.8502 276.2622 15.08834367239202
STARLINK-3567           
1 51871U 22022V   26174.92972145  .00000313  00000+0  37732-4 0  9991
2 51871  53.1592 252.0535 0000908  85.7925 274.3170 15.08833094239261
STARLINK-3554           
1 51872U 22022W   26174.93707989  .00000904  00000+0  74905-4 0  9994
2 51872  53.1574 252.0197 0000733  90.7251 269.3825 15.08836052239156
STARLINK-3574           
1 51874U 22022Y   26174.92604151  .00000399  00000+0  43188-4 0  9999
2 51874  53.1599 252.0702 0001023  89.3336 270.7773 15.08833270239144
STARLINK-3585           
1 51875U 22022Z   26174.90394872  .00000215  00000+0  31590-4 0  9995
2 51875  53.1592 252.0813 0001085  84.5185 275.5930 15.08832969239151
STARLINK-3583           
1 51876U 22022AA  26174.92236101  .00000427  00000+0  44894-4 0  9994
2 51876  53.1593 252.0858 0001200  88.8797 271.2332 15.08833099239151
STARLINK-3575           
1 51878U 22022AC  26174.91500052  .00001678  00000+0  12353-3 0  9997
2 51878  53.1605 252.1195 0001262  94.0450 266.0686 15.08834662239156
STARLINK-3572           
1 51879U 22022AD  26175.29318948  .00150526  00000+0  89434-2 0  9991
2 51879  53.1591 240.4009 0002249 167.0482 193.0568 15.10174657239340
STARLINK-3566           
1 51880U 22022AE  26174.91864906  .00001027  00000+0  82644-4 0  9990
2 51880  53.1596 251.8226 0001184  89.3618 270.7509 15.08831989239150
STARLINK-3504           
1 51881U 22022AF  26175.28466607  .00183777  00000+0  10619-1 0  9991
2 51881  53.1597 240.4278 0002327 166.1599 193.9457 15.11002765239395
STARLINK-3576           
1 51883U 22022AH  26175.29534777  .00149682  00000+0  86087-2 0  9998
2 51883  53.1601 240.5564 0001223  65.6950 294.4170 15.11358274239332
STARLINK-3577           
1 51884U 22022AJ  26174.89385243  .00000883  00000+0  73604-4 0  9998
2 51884  53.1591 242.2148 0000859  76.4204 283.6883 15.08818853239368
STARLINK-3584           
1 51885U 22022AK  26175.27475963  .00138483  00000+0  82082-2 0  9997
2 51885  53.1588 240.4840 0002441 182.3835 177.7146 15.10329349239332
STARLINK-3565           
1 51886U 22022AL  26174.88320296  .00009608  00000+0  61274-3 0  9999
2 51886  53.1760 242.2583 0001385  41.8359 318.2738 15.09330314239280
STARLINK-3536           
1 51888U 22022AN  26174.48485583  .00061104  00000+0  37749-2 0  9996
2 51888  53.1595 244.0492 0000562  62.4372 297.6677 15.09314168239222
STARLINK-3579           
1 51893U 22022AT  26174.91015150  .00012399  00000+0  77735-3 0  9991
2 51893  53.2146 242.1793 0001603  36.3206 323.7895 15.09700470239348
STARLINK-3593           
1 51896U 22022AW  26174.86788666  .00170937  00000+0  98259-2 0  9993
2 51896  53.1595 242.5119 0000255  93.7429 266.3592 15.11259749239325
STARLINK-3660           
1 51977U 22025X   26174.93213205  .00129382  00000+0  77660-2 0  9997
2 51977  53.1597 262.0368 0001431  91.5026 268.6129 15.09923376237371
STARLINK-3649           
1 51980U 22025AA  26174.78344066 -.00000173  00000+0  72512-5 0  9995
2 51980  53.1613 282.7099 0001184  87.1827 272.9300 15.08830888237079
STARLINK-3635           
1 51981U 22025AB  26174.59943958  .00000605  00000+0  56135-4 0  9991
2 51981  53.1594 283.5360 0001022  79.2413 280.8693 15.08830879237042
STARLINK-3655           
1 51983U 22025AD  26174.59576016 -.00000131  00000+0  98731-5 0  9994
2 51983  53.1591 283.5608 0000968  85.0068 275.1034 15.08828408237046
STARLINK-3664           
1 51984U 22025AE  26175.03096531  .00000857  00000+0  71907-4 0  9993
2 51984  53.1605 281.6848 0001222  79.0343 281.0786 15.08838825237113
STARLINK-3651           
1 51985U 22025AF  26174.98679820  .00000296  00000+0  36666-4 0  9995
2 51985  53.1606 281.8050 0001078  86.9227 273.1888 15.08833589237105
STARLINK-3645           
1 51986U 22025AG  26175.00054068 -.00000001  00000+0  17993-4 0  9998
2 51986  53.1586 281.5798 0000866  81.3500 278.7590 15.08833242237114
STARLINK-3640           
1 51988U 22025AJ  26174.68040155  .00000076  00000+0  22854-4 0  9998
2 51988  53.1589 283.1725 0001111  87.6672 272.4446 15.08834070237065
STARLINK-3657           
1 51990U 22025AL  26174.53136188 -.00000791  00000+0 -31617-4 0  9990
2 51990  53.1595 263.8415 0000786  82.4393 277.6688 15.08833937237310
STARLINK-3643           
1 51992U 22025AN  26174.52031876  .00000293  00000+0  36528-4 0  9990
2 51992  53.1588 263.8914 0001251  85.5245 274.5889 15.08833337236880
STARLINK-3648           
1 51993U 22025AP  26174.67673979 -.00000698  00000+0 -25805-4 0  9990
2 51993  53.1592 283.1896 0001200  80.8620 279.2507 15.08826440237066
STARLINK-3647           
1 51994U 22025AQ  26174.98031513  .00000350  00000+0  40082-4 0  9994
2 51994  53.1586 261.8244 0001095  80.5037 279.6078 15.08840272236965
STARLINK-3636           
1 51995U 22025AR  26174.85873305  .00016453  00000+0  10457-2 0  9996
2 51995  53.1594 262.3695 0001070 137.5228 222.5846 15.08969146236938
STARLINK-3538           
1 51996U 22025AS  26174.97494669  .00126230  00000+0  75564-2 0  9997
2 51996  53.1598 261.8309 0001798 115.3124 244.8055 15.10039712236967
STARLINK-3589           
1 51997U 22025AT  26175.05247443  .00106794  00000+0  64330-2 0  9996
2 51997  53.1606 261.4854 0000848  60.0645 300.0431 15.09927146236966
STARLINK-3618           
1 51998U 22025AU  26174.94720379  .00000367  00000+0  41158-4 0  9992
2 51998  53.1577 261.9745 0000813  83.6850 276.4234 15.08827280236963
STARLINK-3653           
1 52000U 22025AW  26174.93247015  .00000876  00000+0  73158-4 0  9997
2 52000  53.1600 261.9529 0001229  89.7360 270.3772 15.08829203236967
STARLINK-3659           
1 52001U 22025AX  26174.94447932  .00000310  00000+0  37575-4 0  9995
2 52001  53.1588 261.9961 0001024  84.4126 275.6982 15.08828692236960
STARLINK-3668           
1 52002U 22025AY  26174.94352811  .00002035  00000+0  14595-3 0  9999
2 52002  53.1592 262.0291 0000909  85.6925 274.4171 15.08823654236965
STARLINK-3712           
1 52090U 22029C   26175.12844033 -.00002543  00000+0 -14179-3 0  9997
2 52090  53.1610 331.1593 0001360  87.0780 273.0368 15.08826454236721
STARLINK-3716           
1 52092U 22029E   26175.13212088  .00000527  00000+0  51206-4 0  9990
2 52092  53.1608 331.1426 0001330  92.4346 267.6798 15.08834340236729
STARLINK-3714           
1 52094U 22029G   26175.12476068 -.00001097  00000+0 -50838-4 0  9996
2 52094  53.1605 331.1754 0001172  89.4735 270.6390 15.08830879236729
STARLINK-3665           
1 52098U 22029L   26174.71995489  .00001740  00000+0  12740-3 0  9999
2 52098  53.1606 332.9957 0001324  87.6293 272.4850 15.08833087236664
STARLINK-3703           
1 52101U 22029P   26174.85614761  .00007119  00000+0  46547-3 0  9998
2 52101  53.1593 332.5749 0001314 104.0460 256.0677 15.08797390236670
STARLINK-3709           
1 52102U 22029Q   26173.91739060  .00166449  00000+0  98063-2 0  9996
2 52102  53.1594 326.5794 0001504  96.6052 263.5111 15.10393308236679
STARLINK-3678           
1 52121U 22029AK  26175.08244430 -.00000126  00000+0  10206-4 0  9994
2 52121  53.1605 311.3680 0001448  96.7191 263.3966 15.08831313236981
STARLINK-3725           
1 52123U 22029AM  26174.66016759  .00001974  00000+0  14206-3 0  9994
2 52123  53.1593 313.0854 0001170  93.9797 266.1328 15.08844507236931
STARLINK-3727           
1 52125U 22029AP  26175.07141494  .00002842  00000+0  19665-3 0  9996
2 52125  53.1583 311.4156 0001362  87.9577 272.1571 15.08823496236998
STARLINK-3732           
1 52126U 22029AQ  26175.07876171  .00000285  00000+0  36006-4 0  9992
2 52126  53.1612 311.3825 0001236  85.4831 274.6302 15.08831819236986
STARLINK-3715           
1 52127U 22029AR  26175.06771582 -.00000612  00000+0 -20407-4 0  9996
2 52127  53.1609 311.4323 0000516  54.2967 305.8072 15.08831817236980
STARLINK-3661           
1 52129U 22029AT  26174.66291950 -.00000633  00000+0 -21686-4 0  9992
2 52129  53.1613 313.2546 0001320  97.8093 262.3048 15.08834020236935
STARLINK-3718           
1 52132U 22029AW  26174.79907453  .00000018  00000+0  19196-4 0  9990
2 52132  53.1595 312.6389 0000979  86.5625 273.5478 15.08836387236952
STARLINK-3707           
1 52133U 22029AX  26175.11555478  .00000389  00000+0  42509-4 0  9999
2 52133  53.1600 311.2173 0000765  83.9611 276.1467 15.08836965237001
STARLINK-3721           
1 52134U 22029AY  26174.65557255 -.00000713  00000+0 -26757-4 0  9993
2 52134  53.1636 313.2861 0001040  89.8308 270.2803 15.08824378236937
STARLINK-3720           
1 52136U 22029BA  26175.11187814  .00000585  00000+0  54848-4 0  9994
2 52136  53.1592 311.2315 0001026  93.6991 266.4118 15.08834218237006
STARLINK-3733           
1 52137U 22029BB  26174.10724062  .00000395  00000+0  42936-4 0  9999
2 52137  53.1602 315.7481 0001130  91.7597 268.3524 15.08832162236859
STARLINK-3723           
1 52138U 22029BC  26175.10819983  .00000272  00000+0  35207-4 0  9995
2 52138  53.1615 311.2504 0001130  88.3978 271.7143 15.08833559237000
STARLINK-3682           
1 52140U 22029BE  26175.09716156  .00000338  00000+0  39315-4 0  9991
2 52140  53.1613 311.2985 0001292  87.1445 272.9695 15.08834182237007
STARLINK-3761           
1 52262U 22041B   26175.22595421 -.00000032  00000+0  16094-4 0  9996
2 52262  53.1595 350.6722 0001190  92.7958 267.3169 15.08834019230449
STARLINK-3786           
1 52263U 22041C   26174.89843783 -.00000418  00000+0 -81582-5 0  9990
2 52263  53.1596 352.1950 0001099  86.7123 273.3994 15.08835468230392
STARLINK-3740           
1 52265U 22041E   26175.28395252  .00098257  00000+0  59753-2 0  9997
2 52265  53.1607 350.4517 0001044  58.0964 302.0129 15.09633217230458
STARLINK-3739           
1 52266U 22041F   26174.87647074  .00013926  00000+0  87390-3 0  9993
2 52266  53.2146 352.3473 0000660  82.9899 277.1169 15.09564401230393
STARLINK-3748           
1 52267U 22041G   26175.21124340  .00000537  00000+0  51868-4 0  9995
2 52267  53.1595 350.7944 0001253  88.1163 271.9972 15.08831184230441
STARLINK-3746           
1 52268U 22041H   26175.19006769  .00212008  00000+0  12274-1 0  9990
2 52268  53.1609 350.7787 0001364 114.6071 245.5064 15.10780333230440
STARLINK-3791           
1 52269U 22041J   26175.20756233  .00000218  00000+0  31762-4 0  9995
2 52269  53.1596 350.8051 0001254  88.9427 271.1708 15.08834368230442
STARLINK-3804           
1 52270U 22041K   26175.20020522  .00000472  00000+0  47783-4 0  9994
2 52270  53.1604 350.8677 0001349  95.7819 264.3326 15.08833538230442
STARLINK-3788           
1 52271U 22041L   26175.20388163  .00000155  00000+0  27846-4 0  9999
2 52271  53.1606 350.8209 0001344  92.4755 267.6390 15.08835200230449
STARLINK-3781           
1 52272U 22041M   26175.19636268  .00113156  00000+0  68361-2 0  9991
2 52272  53.1594 350.8814 0001353 110.9391 249.1746 15.09783200230443
STARLINK-3782           
1 52273U 22041N   26175.16900506  .00000129  00000+0  26182-4 0  9990
2 52273  53.1620 341.3620 0001372  93.4127 266.7021 15.08834514230576
STARLINK-3790           
1 52274U 22041P   26175.18916645  .00003652  00000+0  24762-3 0  9999
2 52274  53.1598 350.8861 0001388  94.4518 265.6632 15.08815441230445
STARLINK-3784           
1 52275U 22041Q   26175.19664352  .00001816  00000+0  13237-3 0  9991
2 52275  53.1616 350.8585 0006497 142.7889 217.3554 15.08797496230440
STARLINK-3778           
1 52276U 22041R   26175.18548339 -.00000450  00000+0 -10210-4 0  9991
2 52276  53.1604 350.9028 0001229  90.8060 269.3072 15.08830798230448
STARLINK-3780           
1 52278U 22041T   26175.18179979  .00000354  00000+0  40365-4 0  9998
2 52278  53.1608 350.9185 0001292  90.3718 269.7421 15.08833804230446
STARLINK-3764           
1 52280U 22041V   26174.90581336  .00001271  00000+0  97958-4 0  9993
2 52280  53.1599 352.1604 0001285  82.2216 277.8921 15.08831766230409
STARLINK-3779           
1 52281U 22041W   26175.18644046 -.00000092  00000+0  12322-4 0  9996
2 52281  53.1590 350.8972 0001249  85.4825 274.6309 15.08833895230449
STARLINK-3783           
1 52282U 22041X   26175.16432351 -.00000112  00000+0  11047-4 0  9995
2 52282  53.1597 340.9982 0001021  85.3485 274.7623 15.08829276230579
STARLINK-3789           
1 52283U 22041Y   26175.17812117 -.00000037  00000+0  15782-4 0  9995
2 52283  53.1606 350.9348 0001218  87.9968 272.1163 15.08832062230444
STARLINK-3561           
1 52284U 22041Z   26175.15696018  .00000018  00000+0  19252-4 0  9998
2 52284  53.1604 341.0310 0001209  85.8364 274.2765 15.08833946230577
STARLINK-3802           
1 52286U 22041AB  26175.14960850 -.00001249  00000+0 -60413-4 0  9991
2 52286  53.1614 341.0638 0001180  86.6960 273.4167 15.08825142230578
STARLINK-3822           
1 52287U 22041AC  26174.90212093  .00001331  00000+0  10173-3 0  9991
2 52287  53.1611 352.1763 0001128  86.8509 273.2611 15.08834609230403
STARLINK-3776           
1 52288U 22041AD  26173.75487863  .00000488  00000+0  48775-4 0  9995
2 52288  53.1603 347.3357 0001262  84.0200 276.0936 15.08833859230369
STARLINK-3751           
1 52289U 22041AE  26175.16064256  .00000221  00000+0  31981-4 0  9996
2 52289  53.1601 341.0140 0001139  88.9133 271.1989 15.08828595230578
STARLINK-3772           
1 52290U 22041AF  26174.87087708  .00000682  00000+0  60935-4 0  9994
2 52290  53.1602 342.3163 0001449  94.2604 265.8553 15.08833233230535
STARLINK-3753           
1 52292U 22041AH  26175.19743920  .00001186  00000+0  92616-4 0  9998
2 52292  53.1602 340.8492 0001239  84.5927 275.5206 15.08837727230582
STARLINK-3771           
1 52293U 22041AJ  26174.87823885  .00000967  00000+0  78843-4 0  9994
2 52293  53.1600 342.2933 0001454  92.4245 267.6913 15.08834707230534
STARLINK-3777           
1 52294U 22041AK  26175.19375934  .00000374  00000+0  41618-4 0  9990
2 52294  53.1609 340.8638 0001304  89.6192 270.4949 15.08836439230583
STARLINK-3765           
1 52295U 22041AL  26174.87359981 -.00000255  00000+0  20466-5 0  9997
2 52295  53.1613 342.3034 0001409  98.7676 261.3475 15.08832430230535
STARLINK-3766           
1 52296U 22041AM  26175.18269516  .00002620  00000+0  18252-3 0  9992
2 52296  53.1622 340.9144 0000952  81.6776 278.4323 15.08856512230589
STARLINK-3758           
1 52297U 22041AN  26175.20112017  .00000700  00000+0  62091-4 0  9997
2 52297  53.1610 340.8319 0001393  89.8503 270.2649 15.08834503230585
STARLINK-3760           
1 52298U 22041AP  26174.74474357 -.00006355  00000+0 -38133-3 0  9997
2 52298  53.1599 342.4982 0001199  68.3766 291.7353 15.08858174230527
STARLINK-3769           
1 52300U 22041AR  26175.17168466 -.00000092  00000+0  12332-4 0  9995
2 52300  53.1605 340.9654 0001167  90.5709 269.5416 15.08829546231803
STARLINK-3768           
1 52301U 22041AS  26175.19007975  .00000225  00000+0  32256-4 0  9999
2 52301  53.1602 340.8816 0001334  88.5280 271.5864 15.08836696230585
STARLINK-3742           
1 52303U 22041AU  26175.17536398  .00000517  00000+0  50563-4 0  9990
2 52303  53.1605 340.9503 0001353  87.7492 272.3655 15.08832358231805
STARLINK-3744           
1 52304U 22041AV  26175.15788059  .00000294  00000+0  36549-4 0  9992
2 52304  53.1612 331.0285 0001161  87.7547 272.3578 15.08835250230717
STARLINK-3724           
1 52305U 22041AW  26175.17907215  .00001129  00000+0  89039-4 0  9992
2 52305  53.1595 341.0390 0001095  93.8192 266.2925 15.08824065230581
STARLINK-3747           
1 52306U 22041AX  26175.15420155  .00000318  00000+0  38079-4 0  9991
2 52306  53.1597 331.0429 0001145  91.8921 268.2202 15.08835054231930
STARLINK-3755           
1 52307U 22041AY  26175.16800356  .00000309  00000+0  37519-4 0  9996
2 52307  53.1599 340.9817 0001218  91.0354 269.0777 15.08830036230587
STARLINK-3750           
1 52311U 22041BC  26175.14316340 -.00000414  00000+0 -79488-5 0  9995
2 52311  53.1608 331.0935 0001243  87.2168 272.8966 15.08838287231931
STARLINK-3752           
1 52312U 22041BD  26175.16891359 -.00000669  00000+0 -23921-4 0  9998
2 52312  53.1600 330.9281 0001173  90.1362 269.9763 15.08835939231941
STARLINK-3749           
1 52313U 22041BE  26175.17260236 -.00001346  00000+0 -66495-4 0  9990
2 52313  53.1597 330.9597 0001364  92.9813 267.1335 15.08825298231942
STARLINK-3889           
1 52331U 22045A   26175.02909580  .00001427  00000+0  10777-3 0  9999
2 52331  53.1601  91.6116 0000998  58.2075 301.9014 15.08821845231690
STARLINK-3831           
1 52332U 22045B   26175.04107374 -.00004041  00000+0 -23591-3 0  9998
2 52332  53.1606  91.5669 0001357  88.8255 271.2892 15.08845352231699
STARLINK-3880           
1 52334U 22045D   26175.09164140  .00000620  00000+0  57052-4 0  9996
2 52334  53.1602  91.3295 0001482  89.8020 270.3141 15.08834374231699
STARLINK-3814           
1 52335U 22045E   26175.08796595 -.00000767  00000+0 -30139-4 0  9992
2 52335  53.1611  91.3466 0001553  87.6558 272.4611 15.08822605231702
STARLINK-3797           
1 52337U 22045G   26175.03276168 -.00000188  00000+0  62996-5 0  9991
2 52337  53.1615  91.5933 0001486  91.4990 268.6171 15.08833118231694
STARLINK-3792           
1 52339U 22045J   26175.04007410  .00000313  00000+0  37747-4 0  9990
2 52339  53.1617  91.2035 0001362  87.8226 272.2922 15.08837303231709
STARLINK-3818           
1 52340U 22045K   26175.29965034  .00148946  00000+0  87092-2 0  9995
2 52340  53.1607  80.3646 0001338  27.7462 332.3602 15.10764066231863
STARLINK-3843           
1 52341U 22045L   26175.07323395  .00000640  00000+0  58330-4 0  9993
2 52341  53.1620  91.3648 0001460  91.9324 268.1835 15.08835231231706
STARLINK-3850           
1 52342U 22045M   26175.04105865 -.00000383  00000+0 -59873-5 0  9991
2 52342  53.1604  81.6718 0001171  81.4797 278.6328 15.08827812231839
STARLINK-3849           
1 52343U 22045N   26175.04380080 -.00001089  00000+0 -50313-4 0  9999
2 52343  53.1620  91.5450 0001274  87.2524 272.8614 15.08836076231709
STARLINK-3851           
1 52344U 22045P   26175.03000963  .00000011  00000+0  18804-4 0  9999
2 52344  53.1606  81.6743 0001292  89.9077 270.2063 15.08830012231839
STARLINK-3852           
1 52345U 22045Q   26175.05667388  .00007425  00000+0  48309-3 0  9990
2 52345  53.1587  81.6516 0000906  84.7875 275.3220 15.08918317231821
STARLINK-3812           
1 52346U 22045R   26175.02359884 -.00000463  00000+0 -11005-4 0  9998
2 52346  53.1626  81.6433 0001779  96.1115 264.0079 15.08833004231834
STARLINK-3838           
1 52352U 22045X   26175.00056181  .00000405  00000+0  43562-4 0  9994
2 52352  53.1603  81.7365 0001411  90.3176 269.7977 15.08834754231839
STARLINK-3877           
1 52355U 22045AA  26175.25002315  .00023866  00000+0  15123-2 0  9990
2 52355  53.1585  80.6182 0001471  80.4172 175.4048 15.08845661  5894
STARLINK-3821           
1 52357U 22045AC  26175.25966298  .00166962  00000+0  98350-2 0  9999
2 52357  53.1608  80.5514 0001615  82.1416 277.9759 15.10396209231878
STARLINK-3837           
1 52358U 22045AD  26174.97847961 -.00000836  00000+0 -34461-4 0  9997
2 52358  53.1605  81.8378 0001238  83.3907 276.7225 15.08831896231831
STARLINK-3853           
1 52359U 22045AE  26175.06039701 -.00000106  00000+0  11415-4 0  9997
2 52359  53.1593  81.4828 0001046 131.3187 228.7894 15.08837235231848
STARLINK-3830           
1 52363U 22045AJ  26175.04839939 -.00001315  00000+0 -64534-4 0  9995
2 52363  53.1592  81.5230 0001212  78.8572 281.2556 15.08831371231842
STARLINK-3820           
1 52364U 22045AK  26175.01987195 -.00000799  00000+0 -32132-4 0  9995
2 52364  53.1608  71.5651 0001303  92.9917 267.1224 15.08830632231976
STARLINK-3874           
1 52365U 22045AL  26174.97572674  .00000217  00000+0  31717-4 0  9993
2 52365  53.1619  71.8484 0001516 112.0196 248.0957 15.08835958231961
STARLINK-3808           
1 52366U 22045AM  26175.02354258  .00002171  00000+0  15440-3 0  9992
2 52366  53.1614  71.6351 0001465  95.4172 264.6987 15.08851300231976
STARLINK-3817           
1 52367U 22045AN  26175.03091134  .00002100  00000+0  15002-3 0  9991
2 52367  53.1608  71.6026 0001434 112.4862 247.6281 15.08832551231976
STARLINK-3834           
1 52368U 22045AP  26175.01252285 -.00000066  00000+0  13962-4 0  9990
2 52368  53.1616  71.6864 0001585  88.7875 271.3298 15.08832595231961
STARLINK-3841           
1 52369U 22045AQ  26175.02723165  .00002411  00000+0  16950-3 0  9996
2 52369  53.1615  71.6190 0001297  93.3024 266.8116 15.08845578231975
STARLINK-3827           
1 52370U 22045AR  26175.02084314  .00000239  00000+0  33125-4 0  9994
2 52370  53.1617  71.6588 0001433  95.7078 264.4077 15.08830402231977
STARLINK-3798           
1 52371U 22045AS  26175.01716348  .00004942  00000+0  32870-3 0  9993
2 52371  53.1616  71.6766 0001491  89.0192 271.0970 15.08805447231968
STARLINK-3796           
1 52372U 22045AT  26175.00884198  .00002421  00000+0  17009-3 0  9999
2 52372  53.1612  71.7018 0000907  65.3551 294.7535 15.08846132231968
STARLINK-3785           
1 52375U 22045AW  26175.20272505  .00101995  00000+0  61731-2 0  9993
2 52375  53.1601  70.8182 0001503  74.2940 285.8218 15.09783956232005
STARLINK-3805           
1 52377U 22045AY  26174.94999295 -.00000261  00000+0  16976-5 0  9996
2 52377  53.1619  72.1893 0001601  94.3975 265.7199 15.08828871231953
STARLINK-3806           
1 52378U 22045AZ  26174.98675874 -.00000276  00000+0  74731-6 0  9995
2 52378  53.1612  71.8012 0001540  88.7709 271.3459 15.08835465231971
STARLINK-3800           
1 52379U 22045BA  26174.99045582 -.00003355  00000+0 -19294-3 0  9996
2 52379  53.1610  71.7841 0000811  82.9094 277.1990 15.08814929231978
STARLINK-3811           
1 52383U 22045BE  26175.00049966  .00053146  00000+0  32533-2 0  9995
2 52383  53.1601  61.7473 0009364 104.5985 255.6046 15.09684740232112
STARLINK-3909           
1 52452U 22049B   26175.10451381  .00002257  00000+0  15984-3 0  9994
2 52452  53.1601 311.1395 0001284  81.6119 278.5018 15.08845212228177
STARLINK-3872           
1 52453U 22049C   26175.08612247 -.00001586  00000+0 -81557-4 0  9998
2 52453  53.1609 311.3499 0001262  90.5353 269.5783 15.08835643228174
STARLINK-3888           
1 52454U 22049D   26175.08980335  .00000447  00000+0  46202-4 0  9996
2 52454  53.1608 311.3325 0001253  88.9091 271.2044 15.08830829228173
STARLINK-3890           
1 52455U 22049E   26175.08340025  .00001697  00000+0  12475-3 0  9995
2 52455  53.1606 311.3625 0001140  86.8426 273.2696 15.08826716228174
STARLINK-3896           
1 52456U 22049F   26174.68228015 -.00000236  00000+0  32764-5 0  9999
2 52456  53.1589 313.1655 0001325  93.6620 266.4523 15.08827951228114
STARLINK-3899           
1 52457U 22049G   26175.07508421  .00000979  00000+0  79585-4 0  9990
2 52457  53.1604 311.3891 0001128  84.3211 275.7909 15.08843557228176
STARLINK-3898           
1 52458U 22049H   26175.07235891 -.00000433  00000+0 -91373-5 0  9996
2 52458  53.1602 311.4097 0000588  73.6242 286.4814 15.08829727228175
STARLINK-3856           
1 52459U 22049J   26175.05760314  .00000975  00000+0  79334-4 0  9999
2 52459  53.1591 301.4771 0001174  82.3651 277.7474 15.08828052228304
STARLINK-3900           
1 52461U 22049L   26174.59115734  .00000509  00000+0  50091-4 0  9992
2 52461  53.1590 293.5735 0001058  97.9505 262.1607 15.08837545228378
STARLINK-3903           
1 52462U 22049M   26175.05120000  .00000100  00000+0  24405-4 0  9994
2 52462  53.1587 301.5156 0001078  87.8989 272.2126 15.08828598228307
STARLINK-3885           
1 52463U 22049N   26175.05116008  .00000210  00000+0  31308-4 0  9990
2 52463  53.1623 291.5067 0001014  85.8836 274.2272 15.08834727228447
STARLINK-3904           
1 52464U 22049P   26175.05392570  .00000348  00000+0  39959-4 0  9993
2 52464  53.1604 301.4954 0001093  89.0144 271.0972 15.08825847228308
STARLINK-3863           
1 52465U 22049Q   26175.04748281  .00002395  00000+0  16859-3 0  9994
2 52465  53.1600 291.5231 0000850  82.3052 277.8036 15.08824601228443
STARLINK-3873           
1 52467U 22049S   26175.04655356 -.00009441  00000+0 -57547-3 0  9996
2 52467  53.1622 301.5284 0001468 107.9117 252.2034 15.08861684228303
STARLINK-3864           
1 52468U 22049T   26174.63439978  .00000115  00000+0  25303-4 0  9994
2 52468  53.1591 303.3797 0001435  88.8736 271.2420 15.08835436228245
STARLINK-3828           
1 52469U 22049U   26174.64175955  .00000282  00000+0  35822-4 0  9990
2 52469  53.1626 303.3536 0001176  85.1587 274.9539 15.08831964228245
STARLINK-3859           
1 52470U 22049V   26175.09071744  .00001602  00000+0  11872-3 0  9998
2 52470  53.1602 301.3282 0001466  86.2229 273.8930 15.08840783228314
STARLINK-3881           
1 52472U 22049X   26175.08703872  .00000445  00000+0  46061-4 0  9996
2 52472  53.1605 301.3447 0001393  81.9851 278.1299 15.08837562228311
STARLINK-3879           
1 52473U 22049Y   26174.76319902 -.00000357  00000+0 -43688-5 0  9995
2 52473  53.1593 302.7990 0001200  91.0931 269.0198 15.08834105228265
STARLINK-3882           
1 52475U 22049AA  26175.04290615 -.00000224  00000+0  40231-5 0  9991
2 52475  53.1609 301.7644 0001090  73.4671 286.6440 15.08833238228308
STARLINK-3835           
1 52476U 22049AB  26175.05950671  .00000836  00000+0  70632-4 0  9993
2 52476  53.1595 291.7110 0001242  81.4015 278.7117 15.08837077229689
STARLINK-3860           
1 52477U 22049AC  26175.04380122  .00000221  00000+0  32007-4 0  9993
2 52477  53.1597 291.5390 0001119  90.7243 269.3877 15.08835482229686
STARLINK-3825           
1 52478U 22049AD  26175.07977348 -.00014029  00000+0 -86755-3 0  9990
2 52478  53.1570 301.3780 0002535  85.4699 274.6582 15.08731562229552
STARLINK-3878           
1 52479U 22049AE  26175.02907905  .00001144  00000+0  89963-4 0  9995
2 52479  53.1590 291.6061 0000924  91.6879 268.4218 15.08833302229683
STARLINK-3839           
1 52480U 22049AF  26175.07599993 -.00000064  00000+0  14066-4 0  9999
2 52480  53.1582 301.3930 0001154  90.9588 269.1536 15.08835955228311
STARLINK-3813           
1 52482U 22049AH  26174.62428131  .00000410  00000+0  43873-4 0  9998
2 52482  53.1588 293.4256 0001151  84.0038 276.1085 15.08830932228386
STARLINK-3875           
1 52483U 22049AJ  26174.76780377  .00000755  00000+0  65548-4 0  9992
2 52483  53.1594 292.7797 0001276  89.5401 270.5736 15.08830160229642
STARLINK-3887           
1 52484U 22049AK  26175.07232034 -.00000061  00000+0  14240-4 0  9994
2 52484  53.1602 301.4104 0001240  88.4554 271.6580 15.08834333228319
STARLINK-3913           
1 52485U 22049AL  26174.62796287 -.00000428  00000+0 -87938-5 0  9993
2 52485  53.1583 293.4082 0000940  86.2659 273.8440 15.08832801228385
STARLINK-3918           
1 52486U 22049AM  26174.73376123 -.00000169  00000+0  74982-5 0  9995
2 52486  53.1591 302.9334 0001195  94.3512 265.7616 15.08835387228266
STARLINK-3902           
1 52487U 22049AN  26175.03645272  .00000856  00000+0  71888-4 0  9997
2 52487  53.1606 291.6784 0001128  77.6093 282.5025 15.08834318229682
STARLINK-3892           
1 52488U 22049AP  26175.06129029 -.00000073  00000+0  13489-4 0  9993
2 52488  53.1604 301.4616 0001164  86.2689 273.8436 15.08836864228318
STARLINK-3923           
1 52489U 22049AQ  26175.06863938  .00001122  00000+0  88564-4 0  9999
2 52489  53.1579 301.4264 0001168  87.6498 272.4627 15.08834443228314
STARLINK-3914           
1 52490U 22049AR  26174.74571489  .00000245  00000+0  33480-4 0  9994
2 52490  53.1581 292.8799 0001087  85.4126 274.6989 15.08837789228400
STARLINK-3908           
1 52491U 22049AS  26175.01803345  .00004793  00000+0  31900-3 0  9991
2 52491  53.1606 291.6570 0000755 103.1854 256.9222 15.08838353228445
STARLINK-3916           
1 52492U 22049AT  26174.47341055  .00003929  00000+0  26494-3 0  9998
2 52492  53.1583 294.1041 0001032  83.7254 276.3855 15.08823551228360
STARLINK-3883           
1 52493U 22049AU  26174.61691789  .00000112  00000+0  25103-4 0  9995
2 52493  53.1581 293.4575 0001173  91.0672 269.0454 15.08833607228384
STARLINK-3871           
1 52496U 22049AX  26174.49778144 -.00001403  00000+0 -70142-4 0  9994
2 52496  53.1604 288.9959 0000900  98.2956 261.8137 15.08821261228436
STARLINK-3884           
1 52497U 22049AY  26174.60219318  .00000622  00000+0  57171-4 0  9998
2 52497  53.1608 293.5243 0001133  86.3235 273.7886 15.08839829228382
STARLINK-3925           
1 52498U 22049AZ  26174.57736361 -.00001636  00000+0 -84694-4 0  9995
2 52498  53.1618 283.6368 0001265  89.5088 270.6048 15.08838169228516
STARLINK-3866           
1 52500U 22049BB  26174.70615749  .00000624  00000+0  57288-4 0  9993
2 52500  53.1604 283.0570 0000787  65.6750 294.4323 15.08835306228535
STARLINK-3907           
1 52501U 22049BC  26175.04009632  .00000363  00000+0  40882-4 0  9992
2 52501  53.1601 291.3530 0001000  88.5369 271.5737 15.08833678228456
STARLINK-3912           
1 52502U 22049BD  26174.57000499  .00000327  00000+0  38655-4 0  9997
2 52502  53.1621 283.6982 0001301  90.8797 269.2344 15.08835001228516
STARLINK-3861           
1 52503U 22049BE  26174.55894733  .00000354  00000+0  40333-4 0  9994
2 52503  53.1599 283.6030 0001137  86.4361 273.6761 15.08834007228517
STARLINK-3958           
1 52535U 22051C   26174.95916002 -.00000310  00000+0 -14079-5 0  9993
2 52535  53.1617  11.9214 0001188  93.8589 266.2539 15.08836695227480
STARLINK-3964           
1 52536U 22051D   26174.82299790  .00001393  00000+0  10561-3 0  9998
2 52536  53.1605  12.5338 0001409  87.1762 272.9390 15.08831114227465
STARLINK-3897           
1 52537U 22051E   26175.26457777  .00000202  00000+0  30763-4 0  9994
2 52537  53.1603  10.3554 0001300  89.1491 270.9650 15.08836299227535
STARLINK-3757           
1 52539U 22051G   26175.27931957 -.00000117  00000+0  10714-4 0  9994
2 52539  53.1595  10.4820 0001137  90.3824 269.7298 15.08835364227532
STARLINK-3940           
1 52540U 22051H   26175.26828383  .00000191  00000+0  30110-4 0  9996
2 52540  53.1597  10.5700 0001262  88.5772 271.5364 15.08837235227538
STARLINK-3845           
1 52541U 22051J   26174.83541914  .00000432  00000+0  45235-4 0  9993
2 52541  53.1597  17.4779 0001236  87.3434 272.7699 15.08834547227395
STARLINK-3926           
1 52543U 22051L   26175.27195924  .00000399  00000+0  43162-4 0  9999
2 52543  53.1600  10.5143 0001333  89.3168 270.7976 15.08835455227536
STARLINK-3944           
1 52544U 22051M   26174.96053897  .00000467  00000+0  47414-4 0  9997
2 52544  53.1586  16.9261 0001346  91.2607 268.8539 15.08837667227412
STARLINK-3931           
1 52548U 22051R   26175.23884104  .00000153  00000+0  27686-4 0  9996
2 52548  53.1583  10.6646 0001291  88.3868 271.7271 15.08832173227532
STARLINK-3935           
1 52549U 22051S   26175.25724140 -.00000292  00000+0 -22704-6 0  9996
2 52549  53.1623  10.5842 0001485  94.4469 265.6693 15.08835325227537
STARLINK-3965           
1 52550U 22051T   26175.24620149 -.00004120  00000+0 -24094-3 0  9996
2 52550  53.1613  10.6325 0001222  87.9252 272.1880 15.08834329227535
STARLINK-3969           
1 52551U 22051U   26175.25355910 -.00000410  00000+0 -76988-5 0  9998
2 52551  53.1609  10.5997 0001132  98.8950 261.2170 15.08840228227537
STARLINK-3966           
1 52552U 22051V   26175.24989850  .00000761  00000+0  65916-4 0  9999
2 52552  53.1628  10.7713 0001219  93.2056 266.9075 15.08836229227531
STARLINK-3770           
1 52554U 22051X   26175.28805848  .00000206  00000+0  31016-4 0  9997
2 52554  53.1604  15.4434 0001259  90.4139 269.6997 15.08835290227466
STARLINK-3943           
1 52557U 22051AA  26175.23148150 -.00000485  00000+0 -12371-4 0  9995
2 52557  53.1582  10.6964 0001165  88.3817 271.7308 15.08830695227536
STARLINK-3953           
1 52559U 22051AC  26175.24346028 -.00000576  00000+0 -18106-4 0  9995
2 52559  53.1578   0.8261 0001089  92.6781 267.4335 15.08842472227669
STARLINK-3956           
1 52560U 22051AD  26175.22872620  .00000025  00000+0  19644-4 0  9992
2 52560  53.1590   0.7090 0001327  93.8712 266.2431 15.08825963227666
STARLINK-3955           
1 52561U 22051AE  26175.27702167  .00000245  00000+0  33518-4 0  9996
2 52561  53.1590  15.4930 0001312  90.3583 269.7559 15.08832945227460
STARLINK-3942           
1 52563U 22051AG  26175.28070080  .00000245  00000+0  33477-4 0  9995
2 52563  53.1604  15.4766 0001243  92.0816 268.0318 15.08835173227467
STARLINK-3959           
1 52564U 22051AH  26175.27431639  .00002580  00000+0  18019-3 0  9994
2 52564  53.1591  15.5152 0001131  97.1467 262.9654 15.08824819227468
STARLINK-3911           
1 52565U 22051AJ  26174.89384474  .00000326  00000+0  38599-4 0  9998
2 52565  53.1602   2.2169 0001760  90.2017 269.9176 15.08833213227617
STARLINK-3938           
1 52566U 22051AK  26175.25125870  .00000614  00000+0  56680-4 0  9994
2 52566  53.1604  15.6096 0001396  89.5062 270.6089 15.08835074227465
STARLINK-3932           
1 52576U 22051AS  26174.92791719  .00000178  00000+0  29275-4 0  9994
2 52576  53.1604   2.0610 0001307  87.2730 272.8411 15.08835869227620
STARLINK-3919           
1 52580U 22051AW  26174.57877952  .00000248  00000+0  33681-4 0  9998
2 52580  53.1597  18.6388 0001523 101.1648 258.9514 15.08830221227362
STARLINK-3915           
1 52581U 22051AX  26175.25448113  .00000407  00000+0  43664-4 0  9997
2 52581  53.1602   0.5946 0001386  85.4790 274.6359 15.08837195227672
STARLINK-3895           
1 52583U 22051AZ  26175.25080105  .00001697  00000+0  12469-3 0  9992
2 52583  53.1608   0.6096 0001304  98.0700 262.0439 15.08839345227677
STARLINK-3922           
1 52584U 22051BA  26174.79448072  .00000329  00000+0  38787-4 0  9995
2 52584  53.1604   2.6619 0001433  85.5894 274.5262 15.08834530227601
STARLINK-3906           
1 52585U 22051BB  26175.23976376  .00001294  00000+0  99349-4 0  9992
2 52585  53.1593   0.6204 0001291  92.1532 267.9608 15.08843747227679
STARLINK-3910           
1 52586U 22051BC  26175.24711849  .00000307  00000+0  37405-4 0  9995
2 52586  53.1610   0.6276 0001189  90.0853 270.0275 15.08838179227676
STARLINK-3917           
1 52588U 22051BE  26175.23608455  .00000291  00000+0  36357-4 0  9991
2 52588  53.1589   0.6775 0001232  89.8210 270.2923 15.08829638227671
STARLINK-4019           
1 52598U 22052A   26175.27426441 -.00000069  00000+0  13757-4 0  9993
2 52598  53.1595 165.5066 0001172  80.4746 279.6378 15.08829813227679
STARLINK-4026           
1 52600U 22052C   26175.23976006 -.00000513  00000+0 -14116-4 0  9995
2 52600  53.1588 160.6593 0001292  82.0909 278.0229 15.08833418227740
STARLINK-4027           
1 52601U 22052D   26175.24712153 -.00000533  00000+0 -15387-4 0  9991
2 52601  53.1592 160.6270 0001284  85.6857 274.4281 15.08835076227740
STARLINK-4012           
1 52602U 22052E   26175.24343907 -.00000456  00000+0 -10589-4 0  9992
2 52602  53.1596 160.6429 0001240  80.3531 279.7600 15.08833642227744
STARLINK-4013           
1 52604U 22052G   26175.16985075  .00000310  00000+0  37592-4 0  9993
2 52604  53.1587 160.9729 0001318  95.3984 264.7158 15.08814316226935
STARLINK-4000           
1 52605U 22052H   26175.24942826 -.00000129  00000+0  99745-5 0  9998
2 52605  53.1589 165.3943 0001352  76.8934 283.2209 15.08836121226876
STARLINK-3928           
1 52606U 22052J   26175.23239965 -.00000058  00000+0  14471-4 0  9994
2 52606  53.1585 160.6942 0001358  84.0156 276.0990 15.08833833226945
STARLINK-3947           
1 52607U 22052K   26175.26417632  .00000172  00000+0  28875-4 0  9996
2 52607  53.1589 165.5603 0001247  79.8614 280.2518 15.08832756226863
STARLINK-3979           
1 52608U 22052L   26175.22504066 -.00000513  00000+0 -14149-4 0  9991
2 52608  53.1592 160.7255 0001527  90.0065 270.1102 15.08828664226943
STARLINK-3997           
1 52609U 22052M   26175.21399548 -.00000587  00000+0 -18777-4 0  9990
2 52609  53.1573 160.7270 0001131  81.1759 278.9360 15.08826416226947
STARLINK-3998           
1 52610U 22052N   26175.26690441 -.00000843  00000+0 -34862-4 0  9991
2 52610  53.1606 165.5397 0001355  73.4044 286.7096 15.08838256226878
STARLINK-3980           
1 52611U 22052P   26175.25954610  .00000486  00000+0  48641-4 0  9993
2 52611  53.1587 165.5709 0001212  67.8701 292.2419 15.08843639226875
STARLINK-4002           
1 52612U 22052Q   26175.22136118  .00000604  00000+0  56067-4 0  9999
2 52612  53.1592 160.7433 0001278  84.7658 275.3479 15.08834901226942
STARLINK-4011           
1 52615U 22052T   26175.25586161 -.00000503  00000+0 -13509-4 0  9996
2 52615  53.1589 165.5876 0001256  83.9563 276.1572 15.08833823226863
STARLINK-3996           
1 52617U 22052V   26175.19285168  .00000826  00000+0  69999-4 0  9994
2 52617  53.1591 150.8723 0001398  86.6313 273.4839 15.08841891227069
STARLINK-3983           
1 52618U 22052W   26175.19651712 -.00000596  00000+0 -19384-4 0  9996
2 52618  53.1597 150.8557 0001190  64.5440 295.5674 15.08842701227060
STARLINK-3741           
1 52619U 22052X   26175.25461439  .00094677  00000+0  57691-2 0  9991
2 52619  53.1589 150.5760 0001611  65.2079 294.9081 15.09583216227079
STARLINK-3975           
1 52620U 22052Y   26175.18593835 -.00000059  00000+0  14359-4 0  9999
2 52620  53.1582 165.9013 0001236  74.3967 285.7161 15.08835974226857
STARLINK-3984           
1 52621U 22052Z   26175.18180172  .00000435  00000+0  45427-4 0  9993
2 52621  53.1595 150.9211 0001553  79.8399 280.2768 15.08834130227067
STARLINK-4008           
1 52622U 22052AA  26175.21538366  .00000022  00000+0  19467-4 0  9997
2 52622  53.1599 165.7712 0001234  83.0832 277.0300 15.08831723226865
STARLINK-3986           
1 52623U 22052AB  26175.17812175  .00000299  00000+0  36875-4 0  9994
2 52623  53.1600 150.9379 0001337  79.4610 280.6532 15.08831860227063
STARLINK-3988           
1 52625U 22052AD  26175.17444276  .00000083  00000+0  23316-4 0  9996
2 52625  53.1603 150.9548 0001323  83.9355 276.1787 15.08832414227065
STARLINK-3990           
1 52626U 22052AE  26175.18550361 -.00001498  00000+0 -76104-4 0  9997
2 52626  53.1596 150.9045 0001450  78.7847 281.3307 15.08814895227067
STARLINK-3992           
1 52627U 22052AF  26175.22963748  .00000258  00000+0  34318-4 0  9992
2 52627  53.1607 150.7065 0001309  82.9125 277.2015 15.08833708227086
STARLINK-4001           
1 52628U 22052AG  26175.27795298  .00000623  00000+0  57234-4 0  9999
2 52628  53.1596 165.4898 0001206  82.6675 277.4454 15.08827207226876
STARLINK-4022           
1 52629U 22052AH  26175.22227855 -.00000277  00000+0  68571-6 0  9998
2 52629  53.1598 150.7008 0001301  82.4119 277.7021 15.08830169227073
STARLINK-3794           
1 52631U 22052AK  26175.22324153 -.00000373  00000+0 -53431-5 0  9996
2 52631  53.1603 150.7454 0001315  75.6320 284.4818 15.08829621227082
STARLINK-3995           
1 52632U 22052AL  26175.23331960  .00002142  00000+0  15254-3 0  9995
2 52632  53.1614 150.6921 0001299  91.9267 268.1873 15.08853578227083
STARLINK-3994           
1 52633U 22052AM  26175.21124023 -.00000354  00000+0 -41363-5 0  9991
2 52633  53.1587 150.7879 0001381  87.8741 272.2408 15.08834162227087
STARLINK-3974           
1 52634U 22052AN  26175.22596509 -.00000203  00000+0  53151-5 0  9995
2 52634  53.1597 150.7505 0001253  81.0619 279.0514 15.08830971227079
STARLINK-3978           
1 52635U 22052AP  26175.06128146  .00000196  00000+0  30391-4 0  9996
2 52635  53.1604 141.4637 0001319  71.5031 288.6103 15.08841524227196
STARLINK-3967           
1 52636U 22052AQ  26175.21860275 -.00000337  00000+0 -30594-5 0  9995
2 52636  53.1603 150.7567 0001709  74.7271 285.3909 15.08831503227076
STARLINK-3961           
1 52637U 22052AR  26175.19002289  .00006638  00000+0  43426-3 0  9990
2 52637  53.1579 140.8862 0001266  70.6467 289.4661 15.08884018228011
STARLINK-3968           
1 52639U 22052AT  26175.17905263  .00000611  00000+0  56479-4 0  9992
2 52639  53.1592 140.9345 0001368  72.9589 287.1553 15.08832099228015
STARLINK-3977           
1 52640U 22052AU  26175.19744460 -.00000711  00000+0 -26574-4 0  9992
2 52640  53.1605 140.8792 0001543  80.2682 279.8484 15.08839035227206
STARLINK-3991           
1 52641U 22052AV  26175.19164109  .00223951  00000+0  12877-1 0  9998
2 52641  53.1595 141.0483 0001201  37.6936 322.4140 15.10963897227216
STARLINK-3971           
1 52642U 22052AW  26175.18639901 -.00000237  00000+0  32030-5 0  9993
2 52642  53.1599 140.9009 0001534  82.0028 278.1138 15.08834118227201
STARLINK-3963           
1 52643U 22052AX  26175.16161603  .00001031  00000+0  82888-4 0  9998
2 52643  53.1596 140.9833 0001067 109.0282 251.0825 15.08835488227201
STARLINK-3985           
1 52644U 22052AY  26175.18272872  .00000755  00000+0  65538-4 0  9997
2 52644  53.1607 140.9187 0001330  85.2436 274.8707 15.08838059227205
STARLINK-3832           
1 52646U 22052BA  26175.17536754  .00000354  00000+0  40336-4 0  9994
2 52646  53.1598 140.9880 0001375  91.8108 268.3041 15.08838269227217
STARLINK-3854           
1 52648U 22052BC  26175.16800305  .00000618  00000+0  56883-4 0  9998
2 52648  53.1596 140.9832 0001350  82.8475 277.2670 15.08844571227203
STARLINK-3868           
1 52649U 22052BD  26175.20843991  .00003250  00000+0  22205-3 0  9997
2 52649  53.1606 140.6554 0001202  86.1831 273.9298 15.08859533227228
STARLINK-3891           
1 52650U 22052BE  26175.17629765 -.00000258  00000+0  19106-5 0  9990
2 52650  53.1607 131.0537 0001459  84.8514 275.2644 15.08828731227353
STARLINK-4004           
1 52656U 22053A   26174.94125696  .00000459  00000+0  46944-4 0  9996
2 52656  53.1604  37.0113 0001302  91.1367 268.9773 15.08836235227153
STARLINK-4082           
1 52658U 22053C   26174.61278084  .00000145  00000+0  27204-4 0  9992
2 52658  53.1611  38.4804 0001180  91.4225 268.6902 15.08834292227225
STARLINK-3960           
1 52659U 22053D   26174.94029163 -.00000628  00000+0 -21336-4 0  9999
2 52659  53.1596  36.9568 0001231  90.9467 269.1666 15.08841528227264
STARLINK-4081           
1 52660U 22053E   26174.93614713  .00150036  00000+0  90728-2 0  9997
2 52660  53.1586  37.0193 0001256  95.2566 264.8570 15.09535778227158
STARLINK-4044           
1 52662U 22053G   26175.12430912  .00000772  00000+0  66599-4 0  9990
2 52662  53.1598  36.1814 0001710  76.0860 284.0322 15.08840222227119
STARLINK-4037           
1 52663U 22053H   26174.92190357  .00000390  00000+0  42582-4 0  9996
2 52663  53.1613  37.0952 0001409  87.7415 272.3738 15.08828748227087
STARLINK-4070           
1 52664U 22053J   26174.92926188  .00000395  00000+0  42886-4 0  9998
2 52664  53.1587  37.0562 0001253  88.6854 271.4282 15.08832016227086
STARLINK-4064           
1 52665U 22053K   26175.25002315 -.00032219  00000+0 -20145-2 0  9997
2 52665  53.1604  35.6165 0001330  87.3575 316.0201 15.08853650  5800
STARLINK-4079           
1 52666U 22053L   26174.35145227 -.00000034  00000+0  15944-4 0  9990
2 52666  53.1606  39.2692 0001204  93.6934 266.4195 15.08835326227005
STARLINK-4076           
1 52667U 22053M   26174.90718316 -.00000280  00000+0  47756-6 0  9998
2 52667  53.1609  37.1565 0001436  92.2908 267.8248 15.08830985227086
STARLINK-4067           
1 52668U 22053N   26175.24236547  .00180785  00000+0  10405-1 0  9992
2 52668  53.1603  35.6175 0003704 111.7197 248.4190 15.11159482227135
STARLINK-3972           
1 52669U 22053P   26174.89613962 -.00000328  00000+0 -25299-5 0  9990
2 52669  53.1606  37.2058 0001333  91.6693 268.4451 15.08835061227075
STARLINK-4075           
1 52670U 22053Q   26174.91823374 -.00000011  00000+0  17431-4 0  9991
2 52670  53.1620  37.1761 0001459  92.0798 268.0361 15.08827146227085
STARLINK-4071           
1 52671U 22053R   26174.89245924  .00000412  00000+0  44000-4 0  9994
2 52671  53.1590  37.2232 0001483  89.7726 270.3436 15.08835190227073
STARLINK-4073           
1 52672U 22053S   26174.96973583  .00000605  00000+0  56087-4 0  9994
2 52672  53.1620  36.8752 0001276  89.4204 270.6934 15.08837363227089
STARLINK-3976           
1 52673U 22053T   26174.88509424  .00001968  00000+0  14173-3 0  9997
2 52673  53.1596  37.2563 0001379  88.9325 271.1824 15.08836659227079
STARLINK-3934           
1 52675U 22053V   26175.27978494  .00001005  00000+0  81257-4 0  9990
2 52675  53.1605  25.4821 0000982  88.8639 271.2465 15.08834666227263
STARLINK-4006           
1 52676U 22053W   26174.35886055  .00000646  00000+0  58697-4 0  9992
2 52676  53.1588  39.6218 0001351  90.1367 269.9780 15.08835778226994
STARLINK-4074           
1 52678U 22053Y   26175.29083565 -.00001160  00000+0 -54814-4 0  9994
2 52678  53.1603  25.5386 0001355  90.5340 269.5807 15.08830547227269
STARLINK-4031           
1 52679U 22053Z   26174.86393886  .00000162  00000+0  28300-4 0  9997
2 52679  53.1615  27.3514 0001380  90.1075 270.0075 15.08834403227163
STARLINK-3774           
1 52680U 22053AA  26174.98903103  .00000373  00000+0  41506-4 0  9998
2 52680  53.1600  26.5559 0001329  91.0662 269.0482 15.08836665227201
STARLINK-4068           
1 52681U 22053AB  26174.86026083  .00000422  00000+0  44647-4 0  9993
2 52681  53.1609  27.3679 0001604  94.3811 265.7364 15.08836411227167
STARLINK-4017           
1 52682U 22053AC  26174.87129944 -.00000085  00000+0  12741-4 0  9991
2 52682  53.1607  27.3177 0001422  89.6238 270.4916 15.08834428227181
STARLINK-4014           
1 52684U 22053AE  26174.60265705 -.00000126  00000+0  10210-4 0  9995
2 52684  53.1619  28.5261 0001310  92.0321 268.0821 15.08837190227121
STARLINK-4029           
1 52685U 22053AF  26174.91177650  .00001264  00000+0  97477-4 0  9994
2 52685  53.1597  27.1345 0001199  94.5935 265.5194 15.08841406227151
STARLINK-4005           
1 52686U 22053AG  26175.28077276 -.00000115  00000+0  10864-4 0  9999
2 52686  53.1613  25.7570 0001442  90.4444 269.6712 15.08832980227211
STARLINK-3981           
1 52687U 22053AH  26174.97435351  .00001559  00000+0  11604-3 0  9991
2 52687  53.1601  26.8547 0001171  89.2025 270.9101 15.08823838227168
STARLINK-4032           
1 52688U 22053AJ  26174.97064879  .00000214  00000+0  31571-4 0  9998
2 52688  53.1596  26.7550 0001388  90.8878 269.2273 15.08834084227165
STARLINK-4035           
1 52690U 22053AL  26174.91546181  .00000314  00000+0  37811-4 0  9990
2 52690  53.1603  27.1192 0001395  85.9463 274.1688 15.08834026227157
STARLINK-3993           
1 52692U 22053AN  26175.27606819  .00000926  00000+0  76311-4 0  9994
2 52692  53.1605  25.2298 0001368  97.8353 262.2794 15.08820176227244
STARLINK-3946           
1 52693U 22053AP  26175.28345546  .00000652  00000+0  59049-4 0  9998
2 52693  53.1564  25.4610 0000526  28.2927 331.8093 15.08837849227249
STARLINK-4041           
1 52695U 22053AR  26174.87266495  .00001016  00000+0  81910-4 0  9996
2 52695  53.1602  32.1073 0001187  83.2221 276.8905 15.08835907227124
STARLINK-4018           
1 52697U 22053AT  26174.89939679  .00001532  00000+0  11433-3 0  9996
2 52697  53.1593  32.1926 0001314  89.7150 270.3992 15.08828743227121
STARLINK-4030           
1 52698U 22053AU  26174.90946014  .00002553  00000+0  17835-3 0  9996
2 52698  53.1585  32.1370 0001265  92.8078 267.3059 15.08852994227119
STARLINK-4034           
1 52700U 22053AW  26174.86895808  .00000138  00000+0  26794-4 0  9991
2 52700  53.1613  31.9699 0001542 104.3785 255.7378 15.08833178227127
STARLINK-4033           
1 52702U 22053AY  26174.89844525  .00000270  00000+0  35102-4 0  9996
2 52702  53.1585  32.2248 0001705  93.1098 267.0088 15.08832593227128
STARLINK-4020           
1 52703U 22053AZ  26175.25494066  .00001885  00000+0  13653-3 0  9998
2 52703  53.1590  15.6059 0001196  93.4902 266.6226 15.08830915226125
STARLINK-3999           
1 52704U 22053BA  26175.26966910  .00002319  00000+0  16384-3 0  9999
2 52704  53.1591  15.5284 0001323  92.1772 267.9371 15.08821936227409
STARLINK-3844           
1 52705U 22053BB  26175.25862202  .00000320  00000+0  38187-4 0  9994
2 52705  53.1619  15.5773 0001391  93.0953 267.0198 15.08831838227400
STARLINK-3970           
1 52706U 22053BC  26175.26230271  .00000432  00000+0  45253-4 0  9997
2 52706  53.1601  15.5583 0001286  86.3073 273.8065 15.08835195227400
STARLINK-4007           
1 52707U 22053BD  26175.26252765  .00014252  00000+0  86196-3 0  9995
2 52707  53.2165  15.1198 0001998 119.8214 240.2978 15.10894763227471
STARLINK-3962           
1 52708U 22053BE  26175.28437769  .00000921  00000+0  75940-4 0  9991
2 52708  53.1600  15.4493 0001161  92.3014 267.8110 15.08833525227616
STARLINK-4091           
1 52830U 22062A   26174.56864453  .00001926  00000+0  13915-3 0  9990
2 52830  53.1606 278.8683 0001250  95.2698 264.8436 15.08823507221760
STARLINK-4089           
1 52831U 22062B   26174.56125920 -.00000151  00000+0  86353-5 0  9998
2 52831  53.1599 278.7080 0001273  88.0115 272.1022 15.08836466221762
STARLINK-4083           
1 52832U 22062C   26174.49133880 -.00002282  00000+0 -12534-3 0  9991
2 52832  53.1603 279.0234 0001238  83.3183 276.7949 15.08842656221753
STARLINK-4086           
1 52833U 22062D   26175.01757980  .00000272  00000+0  35198-4 0  9991
2 52833  53.1592 276.6564 0001105  83.5273 276.5845 15.08835475221838
STARLINK-4108           
1 52834U 22062E   26174.54654099  .00000429  00000+0  45069-4 0  9998
2 52834  53.1606 278.7751 0001195  88.7948 271.3180 15.08834482221765
STARLINK-4080           
1 52835U 22062F   26174.47662020  .00000350  00000+0  40067-4 0  9990
2 52835  53.1582 279.0897 0001085  93.6625 266.4491 15.08834965221754
STARLINK-4036           
1 52837U 22062H   26174.66430242  .00000392  00000+0  42749-4 0  9997
2 52837  53.1599 278.2464 0000993  85.1299 274.9806 15.08829060221782
STARLINK-4092           
1 52838U 22062J   26174.66797975  .00000628  00000+0  57551-4 0  9996
2 52838  53.1590 278.2191 0000686  84.0849 276.0221 15.08831123221786
STARLINK-4048           
1 52839U 22062K   26174.65694270  .00000403  00000+0  43392-4 0  9999
2 52839  53.1587 278.2794 0001111  88.5697 271.5422 15.08827586221787
STARLINK-4065           
1 52841U 22062M   26174.97710101  .00000301  00000+0  36990-4 0  9992
2 52841  53.1586 276.8394 0001222  91.2895 268.8236 15.08832412221835
STARLINK-4046           
1 52842U 22062N   26174.59437304  .00000119  00000+0  25596-4 0  9999
2 52842  53.1594 278.4839 0001077  90.9100 269.2015 15.08828517221774
STARLINK-4188           
1 52843U 22062P   26174.57230434  .00000602  00000+0  55955-4 0  9992
2 52843  53.1616 278.6597 0001158  91.1648 268.9476 15.08825451221774
STARLINK-4208           
1 52844U 22062Q   26174.98446084  .00000490  00000+0  48860-4 0  9990
2 52844  53.1588 276.8059 0000771  83.8061 276.3018 15.08828665221835
STARLINK-4168           
1 52845U 22062R   26174.97342313  .00000818  00000+0  69453-4 0  9995
2 52845  53.1593 276.9230 0001131  82.3809 277.7311 15.08839042221831
STARLINK-4212           
1 52846U 22062S   26174.97437485  .00000754  00000+0  65495-4 0  9992
2 52846  53.1574 276.8614 0001137  84.4618 275.6503 15.08835403221830
STARLINK-4206           
1 52847U 22062T   26174.49869971  .00000237  00000+0  33008-4 0  9990
2 52847  53.1595 278.9892 0001202  83.0551 277.0577 15.08833591221764
STARLINK-4202           
1 52848U 22062U   26174.98078344  .00000248  00000+0  33704-4 0  9996
2 52848  53.1586 276.8216 0001222  86.7430 273.3701 15.08829134221834
STARLINK-4197           
1 52849U 22062V   26174.95594116  .00000116  00000+0  25401-4 0  9993
2 52849  53.1596 266.9360 0000898  65.3206 294.7879 15.08833761221966
STARLINK-4187           
1 52850U 22062W   26175.00018171  .00000727  00000+0  63744-4 0  9994
2 52850  53.1599 277.0931 0000949  95.1876 264.9224 15.08832206221831
STARLINK-4184           
1 52852U 22062Y   26174.95962980  .00005381  00000+0  35626-3 0  9993
2 52852  53.1601 266.9191 0001290  73.3566 286.7567 15.08806780221960
STARLINK-4204           
1 52854U 22062AA  26174.94857896  .00001209  00000+0  94050-4 0  9995
2 52854  53.1580 266.9668 0000844  74.5894 285.5191 15.08828793221966
STARLINK-4209           
1 52855U 22062AB  26174.54009699 -.00000053  00000+0  14736-4 0  9992
2 52855  53.1595 268.8031 0001048  76.2970 283.8138 15.08833581221906
STARLINK-4201           
1 52856U 22062AC  26174.94586544 -.00000353  00000+0 -40962-5 0  9991
2 52856  53.1607 267.0281 0001056  90.5977 269.5136 15.08826902221968
STARLINK-4199           
1 52857U 22062AD  26174.66521964  .00000256  00000+0  34188-4 0  9998
2 52857  53.1602 268.2417 0001112  80.8332 279.2785 15.08831266221921
STARLINK-4198           
1 52858U 22062AE  26174.47753907  .00000131  00000+0  26318-4 0  9990
2 52858  53.1599 269.1133 0001078  81.2216 278.8897 15.08835858221895
STARLINK-4196           
1 52859U 22062AF  26174.52905863  .00000785  00000+0  67435-4 0  9997
2 52859  53.1595 268.8526 0001168  85.8186 274.2939 15.08833409221909
STARLINK-4191           
1 52860U 22062AG  26174.53641525  .00000121  00000+0  25709-4 0  9994
2 52860  53.1591 268.8198 0000981  86.0189 274.0915 15.08835926221908
STARLINK-4270           
1 52863U 22062AK  26174.64083999  .00001480  00000+0  10644-3 0  9994
2 52863  53.1607 268.2633 0001261  67.3394 292.7731 15.10482332221926
STARLINK-4267           
1 52864U 22062AL  26174.52170162 -.00000254  00000+0  21463-5 0  9993
2 52864  53.1594 268.8859 0001114  88.8839 271.2280 15.08832252221903
STARLINK-4274           
1 52865U 22062AM  26174.63946282  .00000540  00000+0  52027-4 0  9996
2 52865  53.1599 268.3587 0001099  85.1993 274.9124 15.08833560221927
STARLINK-4272           
1 52866U 22062AN  26174.97802087  .00000258  00000+0  34296-4 0  9992
2 52866  53.1592 266.8358 0001077  88.9730 271.1385 15.08833908221975
STARLINK-4261           
1 52868U 22062AQ  26174.44442500  .00000868  00000+0  72656-4 0  9995
2 52868  53.1587 269.2628 0000977  92.8274 267.2829 15.08830569221893
STARLINK-4266           
1 52869U 22062AR  26174.95686010  .00000411  00000+0  43942-4 0  9998
2 52869  53.1577 256.9309 0000968  84.8586 275.2516 15.08833222222105
STARLINK-4214           
1 52877U 22062AZ  26174.44534350 -.00001825  00000+0 -96648-4 0  9993
2 52877  53.1607 259.2368 0001032  96.7221 263.3888 15.08833069222031
STARLINK-4181           
1 52882U 22062BE  26175.25002315  .00013343  00000+0  79088-3 0  9994
2 52882  53.1607 255.1271 0001224 106.8155 277.8701 15.11680076  5896
STARLINK-4259           
1 52987U 22076B   26175.19881824  .00001503  00000+0  11249-3 0  9998
2 52987  53.1604 345.8428 0001085  97.8492 262.2622 15.08840061218780
STARLINK-4269           
1 52992U 22076G   26175.18505779 -.00001480  00000+0 -74902-4 0  9997
2 52992  53.1595 345.9157 0001341 122.5226 237.5895 15.08838375218783
STARLINK-4253           
1 53004U 22076U   26174.72869710  .00000516  00000+0  50486-4 0  9997
2 53004  53.1602 337.9564 0001283  86.6128 273.5010 15.08837859218859
STARLINK-4277           
1 53009U 22076Z   26175.15283389 -.00001275  00000+0 -62048-4 0  9994
2 53009  53.1604 326.0494 0001286  89.6564 270.4575 15.08823275219059
STARLINK-4265           
1 53011U 22076AB  26175.21537595  .00000445  00000+0  46058-4 0  9994
2 53011  53.1593 325.7687 0001245  86.3403 273.7731 15.08838855219061
STARLINK-4271           
1 53012U 22076AC  26175.16294166  .00001158  00000+0  90851-4 0  9995
2 53012  53.1602 336.0045 0001271  90.0899 270.0238 15.08833150218925
STARLINK-4183           
1 53014U 22076AE  26175.15650178  .00000178  00000+0  29307-4 0  9994
2 53014  53.1606 326.0320 0001233  87.6123 272.5010 15.08833579219051
STARLINK-4262           
1 53015U 22076AF  26175.13442264  .00000685  00000+0  61145-4 0  9997
2 53015  53.1615 326.1322 0001132  93.4171 266.6950 15.08832662219050
STARLINK-4283           
1 53016U 22076AG  26175.14547232  .00001804  00000+0  13144-3 0  9999
2 53016  53.1588 326.0820 0001025  89.9732 270.1377 15.08824197219053
STARLINK-4282           
1 53019U 22076AK  26175.13801922  .00000603  00000+0  57069-4 0  9991
2 53019  53.1598 326.2951 0001392  88.1310 271.9840 15.08018952219052
STARLINK-4287           
1 53020U 22076AL  26175.13810189  .00000527  00000+0  51187-4 0  9998
2 53020  53.1607 326.1153 0001282  86.7951 273.3188 15.08835354219055
STARLINK-4216           
1 53022U 22076AN  26175.12706229 -.00001627  00000+0 -84147-4 0  9994
2 53022  53.1587 326.1648 0001344  85.8683 274.2462 15.08837289219058
STARLINK-4284           
1 53023U 22076AP  26175.10865871  .00001053  00000+0  84263-4 0  9992
2 53023  53.1597 326.2371 0001322  87.3462 272.7681 15.08822432219052
STARLINK-4289           
1 53024U 22076AQ  26175.11233922 -.00000146  00000+0  89043-5 0  9995
2 53024  53.1594 326.2302 0001120  86.3020 273.8099 15.08832880219052
STARLINK-4218           
1 53025U 22076AR  26174.84000328  .00002239  00000+0  15869-3 0  9994
2 53025  53.1609 327.4562 0000660  91.8578 268.2489 15.08841805219012
STARLINK-4143           
1 53029U 22076AV  26174.81517930 -.00000897  00000+0 -38266-4 0  9994
2 53029  53.1611 317.5678 0001152  90.5537 269.5587 15.08844947219142
STARLINK-4137           
1 53031U 22076AX  26174.80413835 -.00001101  00000+0 -51123-4 0  9991
2 53031  53.1586 317.6165 0001165  76.3649 283.7472 15.08827775219149
STARLINK-4167           
1 53033U 22076AZ  26174.80781743  .00000735  00000+0  64248-4 0  9991
2 53033  53.1600 317.6009 0001146  88.6024 271.5098 15.08838114219145
STARLINK-4151           
1 53034U 22076BA  26175.08110142  .00000328  00000+0  38716-4 0  9991
2 53034  53.1609 316.4212 0001385  90.4419 269.6732 15.08835399219181
STARLINK-4157           
1 53035U 22076BB  26175.13165796  .00000410  00000+0  43849-4 0  9998
2 53035  53.1605 316.1447 0001229  88.9140 271.1992 15.08836777219193
STARLINK-4155           
1 53036U 22076BC  26174.79677564  .00001110  00000+0  87839-4 0  9996
2 53036  53.1600 317.6492 0001087  77.0347 283.0766 15.08840460219145
STARLINK-4153           
1 53037U 22076BD  26175.12430053  .00000455  00000+0  46687-4 0  9992
2 53037  53.1590 316.1764 0001201  90.4897 269.6232 15.08835304219191
STARLINK-4156           
1 53038U 22076BE  26175.12062035  .00000272  00000+0  35182-4 0  9999
2 53038  53.1614 316.1944 0001067  73.7238 286.3871 15.08832454219190
STARLINK-4150           
1 53134U 22083C   26174.98998261  .00001291  00000+0  99207-4 0  9996
2 53134  53.1613  56.7868 0001041  96.6247 263.4863 15.08830758217262
STARLINK-4152           
1 53136U 22083E   26174.99365965  .00000126  00000+0  25998-4 0  9990
2 53136  53.1606  56.7695 0001278  90.9979 269.1159 15.08836931218255
STARLINK-4145           
1 53137U 22083F   26174.98631711  .00002794  00000+0  19370-3 0  9994
2 53137  53.1612  56.8023 0001259 101.8235 258.2898 15.08817517217263
STARLINK-4141           
1 53138U 22083G   26174.98494354  .00000002  00000+0  18218-4 0  9996
2 53138  53.1608  51.9898 0001412  94.3833 265.7320 15.08833893218108
STARLINK-4185           
1 53139U 22083H   26174.97527907  .00000044  00000+0  20844-4 0  9991
2 53139  53.1603  56.8528 0001246  94.0847 266.0287 15.08825983217268
STARLINK-4170           
1 53140U 22083J   26174.97894380 -.00000282  00000+0  35992-6 0  9992
2 53140  53.1620  56.8353 0001309  90.6553 269.4588 15.08830616217261
STARLINK-4106           
1 53145U 22083P   26174.94950641 -.00001988  00000+0 -10691-3 0  9998
2 53145  53.1612  56.9673 0001302  91.6983 268.4158 15.08821795217264
STARLINK-4021           
1 53149U 22083T   26174.90723333  .00005789  00000+0  38191-3 0  9990
2 53149  53.1605  47.3594 0001308  97.5876 262.5264 15.08797846217394
STARLINK-4040           
1 53151U 22083V   26174.91730078 -.00000485  00000+0 -12402-4 0  9996
2 53151  53.1617  47.1139 0001433  88.6371 271.4785 15.08834451217394
STARLINK-4098           
1 53153U 22083X   26174.91362066  .00000286  00000+0  36082-4 0  9993
2 53153  53.1599  47.1297 0001601  91.3402 268.7773 15.08836196217397
STARLINK-4077           
1 53154U 22083Y   26174.92097313  .00000058  00000+0  21758-4 0  9996
2 53154  53.1582  47.0959 0001291 105.2049 254.9085 15.08846987217393
STARLINK-4088           
1 53155U 22083Z   26174.37633866  .00000631  00000+0  57728-4 0  9998
2 53155  53.1613  49.5435 0001372  86.7897 273.3252 15.08837398217958
STARLINK-4087           
1 53156U 22083AA  26174.96144810  .00000480  00000+0  48247-4 0  9998
2 53156  53.1597  46.7872 0001272 106.1779 253.9352 15.08835123217408
STARLINK-4054           
1 53158U 22083AC  26174.90994437 -.00000650  00000+0 -22744-4 0  9997
2 53158  53.1620  47.1448 0001474  94.2955 265.8205 15.08834825217393
STARLINK-4111           
1 53159U 22083AD  26174.95778530  .00000167  00000+0  28575-4 0  9996
2 53159  53.1612  46.9303 0001381  94.4297 265.6852 15.08830920217400
STARLINK-4096           
1 53160U 22083AE  26174.90257954 -.00001917  00000+0 -10242-3 0  9992
2 53160  53.1597  47.1776 0001770  77.3805 282.7384 15.08822438217391
STARLINK-4055           
1 53161U 22083AF  26174.94674168  .00000479  00000+0  48169-4 0  9997
2 53161  53.1611  46.9809 0000808  82.0779 278.0304 15.08847497217401
STARLINK-4114           
1 53162U 22083AG  26174.96242641  .00000708  00000+0  62606-4 0  9994
2 53162  53.1582  46.9185 0001851  58.8687 301.2486 15.08831870217402
STARLINK-4104           
1 53163U 22083AH  26174.95411866  .00000013  00000+0  18900-4 0  9998
2 53163  53.1611  47.0912 0001301  91.1883 268.9257 15.08833381217408
STARLINK-4116           
1 53164U 22083AJ  26174.95042365 -.00000032  00000+0  16080-4 0  9992
2 53164  53.1598  46.9651 0001327  93.9460 266.1683 15.08829944217403
STARLINK-4090           
1 53165U 22083AK  26174.93570045 -.00000298  00000+0 -60936-6 0  9998
2 53165  53.1592  47.0277 0001311  87.8315 272.2827 15.08832273217405
STARLINK-3683           
1 53167U 22083AM  26174.95363898 -.00000303  00000+0 -97089-6 0  9994
2 53167  53.1582  31.9382 0001381  94.1176 265.9974 15.08832699217604
STARLINK-4105           
1 53168U 22083AN  26174.93938331  .00000777  00000+0  66899-4 0  9999
2 53168  53.1596  47.0130 0001336  90.0426 270.0718 15.08831666217406
STARLINK-4117           
1 53169U 22083AP  26174.86534769 -.00006436  00000+0 -38639-3 0  9999
2 53169  53.1611  32.6054 0001442  86.8580 273.2577 15.08860588217584
STARLINK-4095           
1 53170U 22083AQ  26174.90119455 -.00000147  00000+0  88746-5 0  9995
2 53170  53.1592  42.1362 0001553  86.7735 273.3434 15.08835182217468
STARLINK-4052           
1 53171U 22083AR  26175.27332607  .00000328  00000+0  38693-4 0  9998
2 53171  53.1608  15.2707 0001473 110.5853 249.5297 15.08831308217861
STARLINK-4299           
1 53172U 22083AS  26174.89382932  .00000134  00000+0  26548-4 0  9993
2 53172  53.1587  42.1293 0001376  87.9071 272.2078 15.08837600217454
STARLINK-4300           
1 53173U 22083AT  26174.98032310 -.00000576  00000+0 -18087-4 0  9997
2 53173  53.1587  21.8183 0001402  90.7127 269.4025 15.08839817217745
STARLINK-4292           
1 53175U 22083AV  26174.93846042  .00000489  00000+0  48847-4 0  9997
2 53175  53.1600  57.0194 0001247  81.6489 278.4644 15.08834540217254
STARLINK-4294           
1 53176U 22083AW  26174.87634522  .00000648  00000+0  58821-4 0  9999
2 53176  53.1603  32.2077 0001418  90.7869 269.3285 15.08838775217597
STARLINK-4298           
1 53177U 22083AX  26174.84047927  .00000290  00000+0  36343-4 0  9992
2 53177  53.1591  22.4452 0001406  89.8056 270.3096 15.08836134217720
STARLINK-4280           
1 53178U 22083AY  26174.93200262  .00001703  00000+0  12503-3 0  9997
2 53178  53.1617  47.0478 0000289  32.8536 327.2473 15.08838267217382
STARLINK-4276           
1 53179U 22083AZ  26175.25580926  .00000787  00000+0  67551-4 0  9997
2 53179  53.1595   5.1856 0001293  89.7119 270.4021 15.08838455218004
STARLINK-4258           
1 53180U 22083BA  26174.95040259  .00000991  00000+0  80360-4 0  9995
2 53180  53.1629   6.8322 0001275  89.5496 270.5642 15.08832408217951
STARLINK-4278           
1 53182U 22083BC  26175.23035676  .00196842  00000+0  11237-1 0  9991
2 53182  53.1607  20.6522 0003087 155.1558 204.9583 15.11371241217780
STARLINK-4268           
1 53183U 22083BD  26175.24251376 -.00000015  00000+0  17164-4 0  9995
2 53183  53.1619  10.5616 0001322  89.1683 270.9461 15.08829497217922
STARLINK-4257           
1 53184U 22083BE  26175.25213019  .00000422  00000+0  44626-4 0  9993
2 53184  53.1588   5.1876 0001302  92.0124 268.1017 15.08836792218010
STARLINK-4056           
1 53242U 22086A   26175.01895801 -.00000648  00000+0 -22630-4 0  9993
2 53242  53.1598  81.6427 0001162 110.0062 250.1055 15.08845862217361
STARLINK-4047           
1 53243U 22086B   26174.99086546  .00000415  00000+0  44169-4 0  9999
2 53243  53.1595  86.4742 0001247  90.7623 269.3511 15.08830185217319
STARLINK-4125           
1 53244U 22086C   26175.01667193 -.00000876  00000+0 -36980-4 0  9992
2 53244  53.1594  86.7440 0001047  96.2597 263.8514 15.08837183217290
STARLINK-4131           
1 53246U 22086E   26175.07922337  .00001259  00000+0  97151-4 0  9995
2 53246  53.1601  86.3859 0001550  97.2721 262.8446 15.08849756216190
STARLINK-4061           
1 53247U 22086F   26175.03370864  .00000375  00000+0  41657-4 0  9992
2 53247  53.1617  81.7724 0001250  94.2824 265.8310 15.08840409217365
STARLINK-4135           
1 53248U 22086G   26175.02265185  .00000091  00000+0  23825-4 0  9993
2 53248  53.1621  81.7436 0001581  96.5794 263.5378 15.08834822217360
STARLINK-4059           
1 53250U 22086J   26174.96238291 -.00000015  00000+0  17146-4 0  9992
2 53250  53.1626  76.9140 0001554 100.3257 259.7910 15.08830658217119
STARLINK-4134           
1 53254U 22086N   26175.02222234  .00001779  00000+0  12993-3 0  9995
2 53254  53.1616  76.6538 0001449  88.6310 271.4848 15.08817213217136
STARLINK-4142           
1 53255U 22086P   26175.00653935  .00002184  00000+0  15527-3 0  9997
2 53255  53.1596  76.7104 0001252  94.0211 266.0924 15.08832886217113
STARLINK-4147           
1 53256U 22086Q   26175.01021702  .00002425  00000+0  17038-3 0  9997
2 53256  53.1615  76.6958 0001188  78.4243 281.6882 15.08849172217113
STARLINK-4144           
1 53257U 22086R   26174.99550240  .00001939  00000+0  13989-3 0  9998
2 53257  53.1604  76.7617 0001175  93.8917 266.2209 15.08829783217118
STARLINK-4127           
1 53258U 22086S   26175.00286173 -.00000160  00000+0  80399-5 0  9990
2 53258  53.1606  76.7287 0001585 106.8529 253.2636 15.08846532217114
STARLINK-4140           
1 53259U 22086T   26175.02490070  .00001058  00000+0  84580-4 0  9997
2 53259  53.1610  76.2722 0001498 106.6934 253.4222 15.08826393217127
STARLINK-4062           
1 53261U 22086V   26175.05070309 -.00000270  00000+0  11165-5 0  9998
2 53261  53.1609  76.5134 0001151  85.9756 274.1367 15.08832100217128
STARLINK-4085           
1 53262U 22086W   26175.19054255 -.00000431  00000+0 -90101-5 0  9993
2 53262  53.1603  75.8858 0001310  91.7672 268.3469 15.08831876217146
STARLINK-3950           
1 53264U 22086Y   26174.98814138  .00003990  00000+0  26864-3 0  9999
2 53264  53.1590  76.7945 0001680  84.7071 275.4113 15.08841139217110
STARLINK-4097           
1 53265U 22086Z   26175.03966690  .00000171  00000+0  28848-4 0  9991
2 53265  53.1603  76.5625 0001502  82.2954 277.8208 15.08825641217127
STARLINK-4058           
1 53266U 22086AA  26175.04334647 -.00002794  00000+0 -15747-3 0  9992
2 53266  53.1610  76.5481 0001408  93.2250 266.8903 15.08847920217126
STARLINK-4060           
1 53267U 22086AB  26174.96606275 -.00000227  00000+0  38208-5 0  9999
2 53267  53.1618  76.8950 0001386  90.6078 269.5072 15.08832252217111
STARLINK-4180           
1 53278U 22086AN  26175.20236660  .00017708  00000+0  11238-2 0  9998
2 53278  53.1618  65.8299 0001102  79.6102 280.5014 15.08971010217270
STARLINK-4169           
1 53280U 22086AQ  26174.99131199  .00002221  00000+0  15754-3 0  9999
2 53280  53.1626  21.4512 0000698  95.9725 264.1346 15.08842217217888
STARLINK-4165           
1 53286U 22086AW  26175.01844955  .00001290  00000+0  99057-4 0  9994
2 53286  53.1588  66.3490 0000660  92.7713 267.3354 15.08855559217242
STARLINK-4176           
1 53289U 22086AZ  26175.27107928  .00174841  00000+0  10043-1 0  9995
2 53289  53.1606  60.6266 0001407  83.6161 276.4992 15.11264252217348
STARLINK-4149           
1 53290U 22086BA  26174.96569738  .00016642  00000+0  10454-2 0  9994
2 53290  53.2157  66.9802 0001775  92.2528 267.8668 15.09393346217234
STARLINK-4166           
1 53291U 22086BB  26174.97430331  .00119003  00000+0  70722-2 0  9991
2 53291  53.1606  61.6231 0001804  58.6201 301.4968 15.10346168217306
STARLINK-4148           
1 53293U 22086BD  26174.93478790 -.00000476  00000+0 -11823-4 0  9994
2 53293  53.1606  57.0233 0001452  80.9798 279.1358 15.08825055217361
STARLINK-4146           
1 53294U 22086BE  26174.95315884  .00000481  00000+0  48353-4 0  9993
2 53294  53.1610  56.7861 0001471  88.7638 271.3522 15.08835136217414
STARLINK-4522           
1 53388U 22097A   26174.90626023  .00000371  00000+0  41419-4 0  9998
2 53388  53.1589   7.1593 0001232  87.2328 272.8805 15.08834091214887
STARLINK-4523           
1 53389U 22097B   26175.23010923 -.00000106  00000+0  11465-4 0  9997
2 53389  53.1607   5.7037 0001487  95.6978 264.4183 15.08831492214756
STARLINK-4517           
1 53390U 22097C   26175.23378335 -.00000145  00000+0  89882-5 0  9995
2 53390  53.1594   5.6865 0001151  78.3512 281.7608 15.08829828214902
STARLINK-4521           
1 53391U 22097D   26175.22642332 -.00000336  00000+0 -30192-5 0  9999
2 53391  53.1605   5.7206 0001059  87.5029 272.6084 15.08829074214751
STARLINK-4535           
1 53392U 22097E   26175.21905955  .00000166  00000+0  28500-4 0  9990
2 53392  53.1604   5.7528 0001293  89.3939 270.7200 15.08832266214754
STARLINK-4530           
1 53393U 22097F   26175.22274524 -.00000089  00000+0  12486-4 0  9994
2 53393  53.1603   5.7379 0001064  77.4061 282.7049 15.08827548214759
STARLINK-4544           
1 53394U 22097G   26175.23465174  .00000127  00000+0  26102-4 0  9991
2 53394  53.1593 355.2924 0001267  89.5961 270.5175 15.08835462214901
STARLINK-4534           
1 53395U 22097H   26174.81889643  .00000687  00000+0  61238-4 0  9996
2 53395  53.1605   7.5621 0001213  91.9965 268.1165 15.08830973214532
STARLINK-4524           
1 53396U 22097J   26175.26689890  .00000238  00000+0  33043-4 0  9994
2 53396  53.1603   5.5387 0001331  86.5884 273.5259 15.08835937214606
STARLINK-4515           
1 53397U 22097K   26174.94673986 -.00000068  00000+0  13837-4 0  9999
2 53397  53.1609   6.9763 0001296  91.7540 268.3600 15.08833091214558
STARLINK-4512           
1 53398U 22097L   26175.25953777  .00000924  00000+0  76145-4 0  9995
2 53398  53.1597   5.5706 0000894  96.5700 263.5393 15.08838129214600
STARLINK-4528           
1 53399U 22097M   26174.93937938 -.00000225  00000+0  39577-5 0  9995
2 53399  53.1607   7.0111 0001344  86.8502 273.2643 15.08834646214553
STARLINK-4520           
1 53400U 22097N   26175.24850350  .00000069  00000+0  22457-4 0  9998
2 53400  53.1621   5.6222 0001468  92.2341 267.8818 15.08834089214608
STARLINK-4525           
1 53401U 22097P   26175.26321684  .00000954  00000+0  78013-4 0  9996
2 53401  53.1593   5.5554 0001327  88.8072 271.3072 15.08841682214609
STARLINK-4499           
1 53402U 22097Q   26175.24482363  .00000242  00000+0  33315-4 0  9993
2 53402  53.1610   5.6397 0001314  91.2006 268.9136 15.08833761214609
STARLINK-4507           
1 53403U 22097R   26175.22374476  .00002925  00000+0  20189-3 0  9991
2 53403  53.1597   6.0794 0001356  93.2056 266.9091 15.08818313214595
STARLINK-4509           
1 53404U 22097S   26175.22828903  .00000391  00000+0  42633-4 0  9995
2 53404  53.1614 355.6444 0001361  89.6380 270.4768 15.08836156214738
STARLINK-4510           
1 53405U 22097T   26175.24116246  .00002198  00000+0  15620-3 0  9990
2 53405  53.1599   5.6542 0001551  94.1484 265.9685 15.08825321214604
STARLINK-4533           
1 53406U 22097U   26175.21630267  .00000393  00000+0  42772-4 0  9996
2 53406  53.1605 355.7665 0001253  89.2680 270.8455 15.08832465214731
STARLINK-4491           
1 53408U 22097W   26175.22734305 -.00000087  00000+0  12598-4 0  9991
2 53408  53.1596 355.7193 0001204  90.7190 269.3939 15.08833570214735
STARLINK-4492           
1 53410U 22097Y   26175.22366184  .00000446  00000+0  46111-4 0  9996
2 53410  53.1600 355.7327 0001259  89.5738 270.5398 15.08832700214734
STARLINK-4497           
1 53411U 22097Z   26175.23101975  .00000431  00000+0  45191-4 0  9994
2 53411  53.1587 355.6989 0000980  93.6743 266.4361 15.08835805214737
STARLINK-4496           
1 53412U 22097AA  26175.21263401  .00003459  00000+0  23534-3 0  9995
2 53412  53.1607 355.7833 0001350  85.0558 275.0588 15.08830198214738
STARLINK-4500           
1 53413U 22097AB  26175.21998060  .00000237  00000+0  32960-4 0  9997
2 53413  53.1596 355.7492 0001035  91.9852 268.1258 15.08833063214731
STARLINK-4304           
1 53414U 22097AC  26175.20894405  .00000017  00000+0  19174-4 0  9993
2 53414  53.1607 355.7987 0001288  88.1429 271.9710 15.08830648214722
STARLINK-4479           
1 53415U 22097AD  26175.20524876  .00002754  00000+0  19105-3 0  9999
2 53415  53.1609 355.8154 0001804  99.8086 260.3110 15.08848870214704
STARLINK-4480           
1 53416U 22097AE  26175.19053378  .00000074  00000+0  22722-4 0  9995
2 53416  53.1610 355.8312 0001331  93.3005 266.8138 15.08835385214706
STARLINK-4484           
1 53417U 22097AF  26175.20158956  .00003200  00000+0  21911-3 0  9998
2 53417  53.1604 355.8325 0003568  83.0741 277.0656 15.08837581214700
STARLINK-4476           
1 53419U 22097AH  26175.19789989  .00000121  00000+0  25703-4 0  9997
2 53419  53.1605 355.8460 0001383  86.8955 273.2194 15.08834705214704
STARLINK-4552           
1 53420U 22097AJ  26174.92189925 -.00000511  00000+0 -13997-4 0  9990
2 53420  53.1613 357.0877 0001226  90.2172 269.8960 15.08837874214664
STARLINK-4545           
1 53421U 22097AK  26175.19421898  .00000297  00000+0  36788-4 0  9991
2 53421  53.1608 355.8644 0001330  92.7975 267.3169 15.08834497214708
STARLINK-4546           
1 53422U 22097AL  26174.78203948 -.00010918  00000+0 -66819-3 0  9990
2 53422  53.1600 357.7169 0001360  76.8327 283.2816 15.08876967214660
STARLINK-4532           
1 53424U 22097AN  26175.23837857  .00000037  00000+0  20396-4 0  9995
2 53424  53.1605 355.6666 0001197  89.9616 270.1512 15.08836789214734
STARLINK-4503           
1 53528U 22101B   26175.09486689 -.00000345  00000+0 -35790-5 0  9992
2 53528  53.1612 316.3120 0001347  90.4520 269.6626 15.08827623212222
STARLINK-4482           
1 53530U 22101D   26175.10225204 -.00000165  00000+0  76943-5 0  9995
2 53530  53.1605 316.4969 0001080  82.9550 277.1564 15.08829306212227
STARLINK-4487           
1 53531U 22101E   26175.08381882  .00000073  00000+0  22663-4 0  9994
2 53531  53.1602 316.3585 0001107  90.7789 269.3329 15.08834110212220
STARLINK-4483           
1 53532U 22101F   26175.11691499  .00004214  00000+0  28245-3 0  9999
2 53532  53.1614 316.2094 0000698  73.0529 287.0539 15.08867610212230
STARLINK-4493           
1 53533U 22101G   26175.11326073  .00000854  00000+0  71774-4 0  9995
2 53533  53.1596 316.2157 0001252  88.5186 271.5949 15.08833227212237
STARLINK-4138           
1 53535U 22101J   26175.10958513  .00005380  00000+0  35608-3 0  9990
2 53535  53.1599 316.2426 0000433 111.6232 248.4806 15.08813259212239
STARLINK-4053           
1 53536U 22101K   26175.08384728  .00091143  00000+0  55553-2 0  9991
2 53536  53.1595 306.2729 0001973 217.1062 142.9794 15.09595100212365
STARLINK-4120           
1 53537U 22101L   26174.11693456  .00000295  00000+0  36635-4 0  9996
2 53537  53.1606 320.6772 0001216  94.1794 265.9337 15.08830750212082
STARLINK-4123           
1 53539U 22101N   26175.10589998  .00000997  00000+0  80724-4 0  9990
2 53539  53.1591 316.2602 0001278  95.1747 264.9390 15.08834743212238
STARLINK-4486           
1 53540U 22101P   26174.78765895  .00000031  00000+0  20046-4 0  9997
2 53540  53.1616 308.0472 0001209  90.4137 269.6993 15.08834870213005
STARLINK-4485           
1 53541U 22101Q   26175.09854687 -.00000361  00000+0 -45722-5 0  9998
2 53541  53.1608 316.2941 0001243  89.4017 270.7117 15.08828111212924
STARLINK-4513           
1 53548U 22101X   26175.05898868  .00005963  00000+0  39283-3 0  9994
2 53548  53.1641 306.4714 0001185  79.3086 280.8039 15.08802168212363
STARLINK-4514           
1 53551U 22101AA  26175.06266087  .00000245  00000+0  33481-4 0  9994
2 53551  53.1596 306.4544 0000937  82.8171 277.2927 15.08829503213027
STARLINK-4495           
1 53552U 22101AB  26174.65049782  .00000343  00000+0  39657-4 0  9990
2 53552  53.1607 308.3083 0001231  90.7161 269.3972 15.08833911212956
STARLINK-4501           
1 53553U 22101AC  26174.64312694 -.00000955  00000+0 -41952-4 0  9997
2 53553  53.1609 308.2165 0001227  77.1717 282.9411 15.08831337212960
STARLINK-4506           
1 53554U 22101AD  26174.77657764  .00002545  00000+0  17795-3 0  9994
2 53554  53.1598 307.7496 0001062  80.0026 280.1085 15.08827896212324
STARLINK-4504           
1 53555U 22101AE  26174.65418549  .00004080  00000+0  27446-3 0  9998
2 53555  53.1618 308.2925 0001494  95.0821 265.0341 15.08813345212960
STARLINK-4505           
1 53556U 22101AF  26175.09946117 -.00000202  00000+0  54332-5 0  9994
2 53556  53.1598 306.2876 0001268  88.0919 272.0218 15.08833268212372
STARLINK-4502           
1 53557U 22101AG  26174.64681918  .00000134  00000+0  26490-4 0  9996
2 53557  53.1590 308.3236 0001277  90.0126 270.1012 15.08832743212953
STARLINK-4494           
1 53558U 22101AH  26174.63804970 -.00000287  00000+0  72866-7 0  9992
2 53558  53.1578 303.0845 0001055  82.5505 277.5607 15.08829878213035
STARLINK-4564           
1 53560U 22101AK  26175.27704217 -.00000020  00000+0  16868-4 0  9991
2 53560  53.1586 295.6741 0001395  96.7499 263.3651 15.08833340212539
STARLINK-4563           
1 53561U 22101AL  26175.09577876  .00000283  00000+0  35903-4 0  9992
2 53561  53.1604 306.3046 0001378  87.7686 272.3464 15.08837119212370
STARLINK-4585           
1 53567U 22101AS  26175.07091916  .00004972  00000+0  33006-3 0  9992
2 53567  53.1580 296.5249 0001361  80.6320 279.4825 15.08860979212507
STARLINK-4581           
1 53576U 22101BB  26175.04241348 -.00012637  00000+0 -77567-3 0  9994
2 53576  53.1545 296.3417 0000674 121.0328 239.0729 15.08915649213328
STARLINK-4691           
1 53588U 22104A   26175.15284906  .00001149  00000+0  90313-4 0  9998
2 53588  53.1602 126.3006 0001310  90.0116 270.1026 15.08830323212161
STARLINK-4674           
1 53591U 22104D   26175.14547980 -.00000432  00000+0 -90579-5 0  9996
2 53591  53.1591 126.2539 0001365  89.8858 270.2290 15.08835496212037
STARLINK-4684           
1 53595U 22104H   26175.12889996  .00163799  00000+0  96818-2 0  9997
2 53595  53.1608 126.1535 0000199  91.8365 268.2650 15.10288107212014
STARLINK-4677           
1 53600U 22104N   26175.16854979 -.00000078  00000+0  13183-4 0  9998
2 53600  53.1615 126.3862 0001418  92.5466 267.5688 15.08830924211681
STARLINK-4648           
1 53602U 22104Q   26175.12199367  .00000845  00000+0  71209-4 0  9993
2 53602  53.1603 121.1304 0001457  86.8928 273.2230 15.08831213211753
STARLINK-4692           
1 53603U 22104R   26175.14409969 -.00001984  00000+0 -10662-3 0  9990
2 53603  53.1615 121.2661 0001651  88.8633 271.2547 15.08835919211751
STARLINK-4690           
1 53604U 22104S   26175.11462461  .00000349  00000+0  40054-4 0  9995
2 53604  53.1602 121.0816 0001446  90.4075 269.7082 15.08834480211757
STARLINK-4590           
1 53606U 22104U   26175.13903675  .00000215  00000+0  31594-4 0  9997
2 53606  53.1610 116.2283 0001378  86.6772 273.4377 15.08831948211707
STARLINK-4647           
1 53608U 22104W   26175.14640680  .00000294  00000+0  36589-4 0  9990
2 53608  53.1606 116.2738 0001280  87.6987 272.4151 15.08832937211708
STARLINK-4610           
1 53610U 22104Y   26175.13999575  .00000037  00000+0  20441-4 0  9997
2 53610  53.1606 116.2344 0001529  87.1437 272.9729 15.08831048211703
STARLINK-4658           
1 53612U 22104AA  26175.13535203 -.00001021  00000+0 -46063-4 0  9997
2 53612  53.1608 116.2045 0001377  84.4821 275.6328 15.08834310211703
STARLINK-4655           
1 53613U 22104AB  26175.14271758  .00000071  00000+0  22562-4 0  9991
2 53613  53.1612 116.2513 0001288  91.6451 268.4688 15.08837758211707
STARLINK-4605           
1 53616U 22104AE  26175.13256870 -.00000092  00000+0  12303-4 0  9997
2 53616  53.1603 106.0199 0001458  77.8827 282.2328 15.08835307211959
STARLINK-4609           
1 53619U 22104AH  26175.12798023 -.00000424  00000+0 -85650-5 0  9996
2 53619  53.1604 116.1587 0001316  86.3195 273.7947 15.08830106211709
STARLINK-4615           
1 53620U 22104AJ  26175.11325633 -.00000427  00000+0 -87640-5 0  9994
2 53620  53.1613 116.0700 0001333  84.4183 275.6960 15.08822794211814
STARLINK-4608           
1 53621U 22104AK  26175.12430209  .00001091  00000+0  86634-4 0  9999
2 53621  53.1616 116.1373 0001439  78.7244 281.3909 15.08843617211708
STARLINK-4568           
1 53622U 22104AL  26175.15737649  .00000304  00000+0  37228-4 0  9992
2 53622  53.1612 115.6367 0001430  93.1275 266.9881 15.08833658211823
STARLINK-4554           
1 53626U 22104AQ  26175.16106963  .00001110  00000+0  87855-4 0  9993
2 53626  53.1602 115.6557 0001292  87.8897 272.2242 15.08819031211834
STARLINK-4595           
1 53627U 22104AR  26175.10218780 -.00000128  00000+0  10081-4 0  9995
2 53627  53.1608 115.9992 0001506  90.3905 269.7259 15.08834878211828
STARLINK-4600           
1 53628U 22104AS  26175.15368694  .00000453  00000+0  46540-4 0  9990
2 53628  53.1609 115.6110 0001300  89.7801 270.3339 15.08836198211833
STARLINK-4602           
1 53629U 22104AT  26175.09852310 -.00005176  00000+0 -30754-3 0  9995
2 53629  53.1596 115.9758 0001497  88.4885 271.6278 15.08814367211824
STARLINK-4598           
1 53630U 22104AU  26175.13354776  .00000885  00000+0  73676-4 0  9996
2 53630  53.1606 106.2129 0001431  91.5422 268.5733 15.08837368212135
STARLINK-4599           
1 53631U 22104AV  26175.15000268 -.00000136  00000+0  95738-5 0  9997
2 53631  53.1611 115.5892 0001598  98.9562 261.1610 15.08843189211839
STARLINK-4606           
1 53632U 22104AW  26175.12522423 -.00000739  00000+0 -28322-4 0  9991
2 53632  53.1601 106.1619 0001359  91.7677 268.3470 15.08827944212290
STARLINK-4593           
1 53633U 22104AX  26175.12891764  .00005926  00000+0  39000-3 0  9994
2 53633  53.1587 106.1848 0001978  87.2211 272.9007 15.08852113211965
STARLINK-4592           
1 53634U 22104AY  26175.11785180  .00000620  00000+0  57060-4 0  9991
2 53634  53.1613 106.1175 0001452  90.4751 269.6407 15.08834064212290
STARLINK-4586           
1 53636U 22104BA  26175.11049574  .00000947  00000+0  77585-4 0  9999
2 53636  53.1614 106.0730 0001527  91.0307 269.0860 15.08833248212296
STARLINK-4396           
1 53637U 22104BB  26175.07835804  .00000220  00000+0  31927-4 0  9998
2 53637  53.1614 106.5705 0001359  92.4287 267.6860 15.08837527212286
STARLINK-4594           
1 53638U 22104BC  26175.09205350  .00000093  00000+0  23958-4 0  9991
2 53638  53.1602 105.9588 0001375  87.6718 272.4431 15.08833902212291
STARLINK-4597           
1 53640U 22104BE  26175.10311130 -.00000298  00000+0 -63228-6 0  9995
2 53640  53.1614 106.0257 0001325  89.5014 270.6129 15.08829527212299
STARLINK-4588           
1 53641U 22104BF  26175.11416226  .00000749  00000+0  65156-4 0  9998
2 53641  53.1613 106.0910 0001367  91.8256 268.2892 15.08835272212299
STARLINK-4725           
1 53700U 22107A   26175.16749969  .00000684  00000+0  61097-4 0  9993
2 53700  53.1614 125.6147 0001578  82.4711 277.6460 15.08825550210933
STARLINK-4711           
1 53701U 22107B   26175.16381607 -.00000913  00000+0 -39270-4 0  9990
2 53701  53.1606 125.5902 0001215  83.2898 276.8232 15.08837038210938
STARLINK-4724           
1 53702U 22107C   26175.12290792 -.00004633  00000+0 -27306-3 0  9990
2 53702  53.1608 111.0884 0001270  91.3906 268.7231 15.08850053211168
STARLINK-4731           
1 53703U 22107D   26175.17856664  .00003104  00000+0  21309-3 0  9999
2 53703  53.1606 125.6814 0001425  92.6551 267.4603 15.08824292210932
STARLINK-4717           
1 53705U 22107F   26175.15652931  .00000092  00000+0  23857-4 0  9994
2 53705  53.1599 126.2530 0001506  89.9435 270.1729 15.08830862210926
STARLINK-4716           
1 53706U 22107G   26175.14174413  .00006482  00000+0  42450-3 0  9996
2 53706  53.1600 126.1630 0001320  79.4125 280.7015 15.08882314210928
STARLINK-4667           
1 53707U 22107H   26175.13397879  .00005431  00000+0  35932-3 0  9999
2 53707  53.1614 111.1521 0001428  87.5064 272.6091 15.08814064211133
STARLINK-4694           
1 53708U 22107J   26175.05298784 -.00000220  00000+0  42591-5 0  9999
2 53708  53.1623 111.3692 0001486  91.7974 268.3188 15.08828402211125
STARLINK-4685           
1 53709U 22107K   26175.17256801  .00000898  00000+0  74494-4 0  9993
2 53709  53.1610 130.6586 0001397  86.9339 273.1813 15.08834693210554
STARLINK-4683           
1 53712U 22107N   26175.15782552 -.00000129  00000+0  10015-4 0  9999
2 53712  53.1599 130.5755 0001421  89.2476 270.8678 15.08833837210571
STARLINK-4699           
1 53716U 22107S   26175.17394223 -.00000711  00000+0 -26600-4 0  9994
2 53716  53.1595 135.6331 0001325  87.0599 273.0544 15.08832534210482
STARLINK-4695           
1 53718U 22107U   26175.16393082 -.00000174  00000+0  71777-5 0  9995
2 53718  53.1605 136.2661 0001379  85.5315 274.5834 15.08833156210475
STARLINK-4644           
1 53719U 22107V   26175.09941697 -.00000532  00000+0 -15312-4 0  9990
2 53719  53.1613 105.9178 0001210  84.4108 275.7021 15.08831027210907
STARLINK-4707           
1 53721U 22107X   26175.18868239 -.00000250  00000+0  23905-5 0  9997
2 53721  53.1603 135.7262 0001321  85.0712 275.0430 15.08831423210496
STARLINK-4700           
1 53722U 22107Y   26175.19605342  .00000543  00000+0  52207-4 0  9993
2 53722  53.1608 135.7693 0001407  86.3798 273.7354 15.08829105210486
STARLINK-4705           
1 53723U 22107Z   26175.17026427 -.00000499  00000+0 -13254-4 0  9994
2 53723  53.1605 135.6188 0001262  89.9523 270.1613 15.08835772210639
STARLINK-4697           
1 53726U 22107AC  26175.19236729 -.00000265  00000+0  14715-5 0  9991
2 53726  53.1604 135.7483 0001303  85.7173 274.3967 15.08827496210497
STARLINK-4701           
1 53727U 22107AD  26175.20344051  .00000862  00000+0  72272-4 0  9995
2 53727  53.1603 135.8178 0002111 114.8626 245.2585 15.08819792210633
STARLINK-4651           
1 53729U 22107AF  26175.21001178  .00000375  00000+0  40529-4 0  9997
2 53729  53.1608 135.8595 0001232  88.4541 271.6592 15.09994263210660
STARLINK-4616           
1 53734U 22107AL  26175.21079310 -.00003197  00000+0 -18290-3 0  9992
2 53734  53.1606 135.8646 0001550  93.0745 267.0424 15.08831536210667
STARLINK-4670           
1 53744U 22107AW  26175.16933623  .00000155  00000+0  27849-4 0  9993
2 53744  53.1592 145.6005 0001366  82.6006 277.5141 15.08832281210670
STARLINK-4718           
1 53773U 22111A   26175.24848635  .00000354  00000+0  40326-4 0  9993
2 53773  53.1587 165.5429 0001168  75.4080 284.7041 15.08839114209937
STARLINK-4719           
1 53774U 22111B   26175.24480505  .00000270  00000+0  35070-4 0  9999
2 53774  53.1585 165.5199 0001121  75.8724 284.2392 15.08837078209793
STARLINK-4664           
1 53777U 22111E   26175.20160121  .00000586  00000+0  54938-4 0  9991
2 53777  53.1591 155.9878 0001479  92.4082 267.7079 15.08834624209778
STARLINK-4709           
1 53778U 22111F   26175.22870559  .00000794  00000+0  67979-4 0  9997
2 53778  53.1587 160.4362 0001331  84.5623 275.5520 15.08827781209711
STARLINK-4678           
1 53780U 22111H   26175.20528519  .00000565  00000+0  53611-4 0  9998
2 53780  53.1590 156.0100 0001183  75.3695 284.7427 15.08833939209777
STARLINK-4462           
1 53781U 22111J   26175.18687960  .00000904  00000+0  74883-4 0  9993
2 53781  53.1595 155.8974 0001354  93.7780 266.3366 15.08836294209773
STARLINK-4536           
1 53783U 22111L   26175.24574034 -.00000758  00000+0 -29545-4 0  9993
2 53783  53.1596 155.5534 0001329  86.0829 274.0314 15.08824083209789
STARLINK-4687           
1 53784U 22111M   26174.85593114  .00217572  00000+0  12467-1 0  9994
2 53784  53.1598 157.3909 0002152 204.9836 155.1052 15.11124960209725
STARLINK-4743           
1 53787U 22111Q   26175.23840769 -.00005706  00000+0 -34119-3 0  9997
2 53787  53.1600 155.5072 0001199  71.4765 288.6357 15.08785584209788
STARLINK-4666           
1 53789U 22111S   26175.22730665  .00003236  00000+0  22128-3 0  9992
2 53789  53.1577 155.4389 0001236  75.2168 284.8961 15.08839747209773
STARLINK-4734           
1 53790U 22111T   26175.24202609  .00004485  00000+0  29950-3 0  9995
2 53790  53.1600 155.5301 0001156  79.6660 280.4462 15.08867242209783
STARLINK-4739           
1 53792U 22111V   26175.28563104  .00148675  00000+0  88517-2 0  9994
2 53792  53.1610 155.7880 0001414  65.3471 294.7668 15.10109874209777
STARLINK-4728           
1 53793U 22111W   26175.23464988 -.00018001  00000+0 -11138-2 0  9996
2 53793  53.1586 155.4806 0001079  50.2390 309.8696 15.08903457209770
STARLINK-4730           
1 53794U 22111X   26175.23915970  .00021725  00000+0  13729-2 0  9992
2 53794  53.1595 155.5094 0001301  64.9359 295.1768 15.08999045209771
STARLINK-4742           
1 53795U 22111Y   26175.22362151  .00000009  00000+0  18662-4 0  9994
2 53795  53.1590 155.4152 0001286  83.4032 276.7106 15.08833861209771
STARLINK-4723           
1 53797U 22111AA  26175.21259017  .00000958  00000+0  78306-4 0  9995
2 53797  53.1592 155.3469 0001164  82.6486 277.4638 15.08831049209767
STARLINK-4712           
1 53798U 22111AB  26175.21627000  .00000778  00000+0  66949-4 0  9997
2 53798  53.1587 155.3692 0001099  86.1721 273.9396 15.08835131209766
STARLINK-4727           
1 53803U 22111AG  26175.18733026  .00000106  00000+0  24759-4 0  9994
2 53803  53.1606 130.9423 0002181  63.4773 296.6442 15.08831214210106
STARLINK-4729           
1 53804U 22111AH  26175.16525918 -.00002148  00000+0 -11701-3 0  9994
2 53804  53.1584 140.7799 0000908  92.3850 267.7245 15.08810705209963
STARLINK-4763           
1 53805U 22111AJ  26175.19565883  .00001097  00000+0  87029-4 0  9990
2 53805  53.1600 130.9891 0001256  91.0132 269.1004 15.08830635210104
STARLINK-4768           
1 53806U 22111AK  26175.16890975  .00000808  00000+0  68834-4 0  9993
2 53806  53.1605 130.8236 0001430  88.3378 271.7777 15.08840159210105
STARLINK-4738           
1 53819U 22114B   26175.20596818  .00023652  00000+0  14917-2 0  9997
2 53819  53.1587 185.6823 0001747  47.7098 312.4042 15.09020857208917
STARLINK-4758           
1 53820U 22114C   26175.30556301 -.00000876  00000+0 -37001-4 0  9999
2 53820  53.1577 185.5840 0000739  76.4303 283.6771 15.08826667208925
STARLINK-4748           
1 53823U 22114F   26175.21216831  .00003542  00000+0  24069-3 0  9993
2 53823  53.1602 140.7692 0001184  94.0391 266.0736 15.08813277209541
STARLINK-4757           
1 53824U 22114G   26175.29442712  .00000107  00000+0  24844-4 0  9997
2 53824  53.1585 184.8202 0001308  72.2483 287.8651 15.08835132208849
STARLINK-4751           
1 53825U 22114H   26175.29820869  .00000979  00000+0  79560-4 0  9993
2 53825  53.1584 185.5377 0001287  84.0510 276.0628 15.08841232208929
STARLINK-4756           
1 53826U 22114J   26175.21355241  .00001615  00000+0  11955-3 0  9994
2 53826  53.1597 185.7242 0000556  61.9553 298.1494 15.08822901208913
STARLINK-4764           
1 53827U 22114K   26175.29084468  .00000944  00000+0  77395-4 0  9998
2 53827  53.1579 185.4923 0001158  90.7303 269.3821 15.08838684208929
STARLINK-4760           
1 53828U 22114L   26175.20984484 -.00001089  00000+0 -50382-4 0  9997
2 53828  53.1579 185.6986 0000969  83.9901 276.1201 15.08831631208910
STARLINK-4759           
1 53829U 22114M   26175.28714693  .00000394  00000+0  42832-4 0  9996
2 53829  53.1581 185.4685 0001027  82.6099 277.5009 15.08833911208923
STARLINK-4761           
1 53830U 22114N   26175.20248409 -.00000047  00000+0  15130-4 0  9994
2 53830  53.1593 185.6555 0001175  78.1126 281.9997 15.08829833208913
STARLINK-4649           
1 53831U 22114P   26175.28346152  .00000340  00000+0  39455-4 0  9998
2 53831  53.1585 185.4471 0001130  82.2329 277.8790 15.08832524208929
STARLINK-4747           
1 53832U 22114Q   26175.19511985 -.00000638  00000+0 -22016-4 0  9994
2 53832  53.1587 185.6100 0001066  77.7958 282.3153 15.08830143208916
STARLINK-4771           
1 53833U 22114R   26175.20712796 -.00000001  00000+0  18042-4 0  9997
2 53833  53.1585 185.6836 0001246  89.9807 270.1328 15.08834689208917
STARLINK-4737           
1 53834U 22114S   26175.32022179 -.00000285  00000+0  15956-6 0  9997
2 53834  53.1586 184.9687 0000754  64.8164 295.2905 15.08833698208936
STARLINK-4783           
1 53835U 22114T   26175.19882243 -.00001155  00000+0 -54514-4 0  9998
2 53835  53.1578 185.6336 0000974  71.7516 288.3581 15.08814594208914
STARLINK-4776           
1 53837U 22114V   26175.19142538 -.00000172  00000+0  73151-5 0  9992
2 53837  53.1595 185.5892 0001161  91.1774 268.9350 15.08831438208916
STARLINK-4773           
1 53838U 22114W   26175.29912208 -.00000638  00000+0 -22001-4 0  9998
2 53838  53.1583 175.5613 0001114  76.9823 283.1293 15.08835270209068
STARLINK-4784           
1 53839U 22114X   26175.30649193 -.00000078  00000+0  13169-4 0  9993
2 53839  53.1589 175.6069 0001087  69.4405 290.6703 15.08829566209063
STARLINK-4750           
1 53841U 22114Z   26175.29543755 -.00000380  00000+0 -57852-5 0  9996
2 53841  53.1591 175.5381 0001150  77.3447 282.7673 15.08831382209067
STARLINK-4754           
1 53842U 22114AA  26175.21445975  .00000255  00000+0  34091-4 0  9992
2 53842  53.1585 175.7442 0001074  77.4359 282.6753 15.08844886209059
STARLINK-4769           
1 53843U 22114AB  26175.29175213  .00001179  00000+0  92229-4 0  9999
2 53843  53.1593 175.5152 0001377  81.0555 279.0593 15.08813212209062
STARLINK-4745           
1 53844U 22114AC  26175.27979054  .00000009  00000+0  18933-4 0  9994
2 53844  53.1608 175.4659 0000610  90.5865 269.5196 15.08023237209062
STARLINK-4753           
1 53845U 22114AD  26175.28438583  .00000725  00000+0  63634-4 0  9996
2 53845  53.1583 175.4884 0001122  73.3615 286.7499 15.08839652209069
STARLINK-4746           
1 53846U 22114AE  26175.26596338  .00000496  00000+0  49235-4 0  9994
2 53846  53.1583 175.3557 0001124  81.6823 278.4296 15.08831080209061
STARLINK-4777           
1 53847U 22114AF  26175.21077368 -.00000270  00000+0  11070-5 0  9995
2 53847  53.1585 175.7208 0000985  78.5119 281.5983 15.08837350209051
STARLINK-4780           
1 53848U 22114AG  26175.19234988  .00000649  00000+0  58858-4 0  9999
2 53848  53.1586 175.6083 0000640 102.7026 257.4037 15.08832867209058
STARLINK-4767           
1 53850U 22114AJ  26175.18129814  .00000462  00000+0  47107-4 0  9990
2 53850  53.1583 175.5402 0001271  75.7324 284.3808 15.08831534209058
STARLINK-4755           
1 53851U 22114AK  26175.26227954  .00000731  00000+0  64036-4 0  9993
2 53851  53.1585 175.3324 0001137  84.9394 275.1727 15.08831373209062
STARLINK-4797           
1 53852U 22114AL  26175.20938321  .00001786  00000+0  13027-3 0  9999
2 53852  53.1588 170.7277 0001173  78.5982 281.5141 15.08846107209123
STARLINK-4794           
1 53853U 22114AM  26175.25490585  .00000727  00000+0  63758-4 0  9991
2 53853  53.1585 175.2878 0001186  83.1688 276.9439 15.08833499209068
STARLINK-4800           
1 53854U 22114AN  26175.23749853  .00000671  00000+0  60297-4 0  9998
2 53854  53.1581 165.9039 0001427  88.9307 271.1848 15.08828866209196
STARLINK-4790           
1 53859U 22114AT  26175.24983842  .00000504  00000+0  49773-4 0  9993
2 53859  53.1587 170.2698 0001118  74.7403 285.3713 15.08836932209139
STARLINK-4799           
1 53860U 22114AU  26175.16019127  .00000263  00000+0  34623-4 0  9992
2 53860  53.1588 166.1335 0001145  69.4278 290.6837 15.08840948208941
STARLINK-4781           
1 53861U 22114AV  26175.22949876  .00054612  00000+0  33786-2 0  9997
2 53861  53.1582 165.8585 0000742  99.4807 260.6269 15.09317181209195
STARLINK-4788           
1 53863U 22114AX  26175.15282884  .00000180  00000+0  29383-4 0  9991
2 53863  53.1593 166.0902 0001177  83.6354 276.4771 15.08831253209182
STARLINK-4779           
1 53864U 22114AY  26175.24108568  .00000066  00000+0  22256-4 0  9993
2 53864  53.1585 165.2191 0001323  78.4162 281.6978 15.08835075209203
STARLINK-4810           
1 53869U 22114BD  26175.24939766  .00001333  00000+0  10183-3 0  9993
2 53869  53.1601 155.2866 0001065  79.8128 280.2984 15.08833962209345
STARLINK-5028           
1 53886U 22119A   26174.82164675  .00000167  00000+0  28569-4 0  9991
2 53886  53.1582 207.7687 0001419  69.9568 290.1576 15.08835724207700
STARLINK-5029           
1 53887U 22119B   26174.81059591  .00000167  00000+0  28574-4 0  9997
2 53887  53.1583 207.6999 0001134  82.2070 277.9050 15.08834129207705
STARLINK-5031           
1 53889U 22119D   26174.81428269  .00000986  00000+0  80039-4 0  9994
2 53889  53.1590 207.7224 0001112  78.6807 281.4309 15.08832322207700
STARLINK-5050           
1 53890U 22119E   26175.17257368 -.00004409  00000+0 -25897-3 0  9992
2 53890  53.1589 170.7450 0001312  80.0887 280.0252 15.08856644208253
STARLINK-5046           
1 53892U 22119G   26174.78848900  .00000131  00000+0  26331-4 0  9999
2 53892  53.1584 207.5646 0001089  80.7654 279.3461 15.08829292207707
STARLINK-5052           
1 53893U 22119H   26174.80052405 -.00001109  00000+0 -51662-4 0  9993
2 53893  53.1584 207.6376 0000926  79.8438 280.2658 15.08816052207706
STARLINK-5037           
1 53896U 22119L   26174.38736001  .00000089  00000+0  23671-4 0  9993
2 53896  53.1585 209.3291 0000984  74.6260 285.4840 15.08831460207648
STARLINK-5044           
1 53898U 22119N   26175.30366900 -.00000547  00000+0 -16294-4 0  9999
2 53898  53.1586 205.0924 0001193  83.1047 277.0080 15.08830779207788
STARLINK-5045           
1 53900U 22119Q   26174.50141644  .00000297  00000+0  36775-4 0  9996
2 53900  53.1581 208.6185 0001150  82.5401 277.5721 15.08832385207664
STARLINK-5021           
1 53902U 22119S   26175.23099114 -.00000331  00000+0 -26895-5 0  9997
2 53902  53.1597 155.4539 0001112  82.9814 277.1304 15.08833061208470
STARLINK-5022           
1 53903U 22119T   26174.78208083 -.00000625  00000+0 -21182-4 0  9993
2 53903  53.1586 207.5231 0001088  86.1636 273.9480 15.08828319207701
STARLINK-4787           
1 53904U 22119U   26174.82893000 -.00000195  00000+0  58532-5 0  9999
2 53904  53.1586 207.1070 0001119  83.8100 276.3019 15.08835852207710
STARLINK-5003           
1 53905U 22119V   26175.21632756 -.00000002  00000+0  17967-4 0  9996
2 53905  53.1586 195.9857 0001110  76.0427 284.0688 15.08832406207906
STARLINK-5054           
1 53906U 22119W   26175.30091234  .00000881  00000+0  73415-4 0  9991
2 53906  53.1578 195.1017 0001071  85.5306 274.5808 15.08832238207928
STARLINK-5057           
1 53908U 22119Y   26175.20895965  .00000679  00000+0  60732-4 0  9998
2 53908  53.1590 195.9404 0001067  88.1240 271.9874 15.08826942207900
STARLINK-4796           
1 53909U 22119Z   26174.76287242 -.00000052  00000+0  15010-4 0  9997
2 53909  53.1604 198.1619 0001125  73.7199 286.3916 15.08018142207832
STARLINK-5048           
1 53911U 22119AB  26175.21264409  .00000185  00000+0  29699-4 0  9995
2 53911  53.1586 195.9624 0001191  82.0676 278.0450 15.08833658207907
STARLINK-5059           
1 53912U 22119AC  26174.76363637  .00003215  00000+0  22008-3 0  9991
2 53912  53.1581 197.4412 0001001  67.8116 292.2982 15.08820224207841
STARLINK-5053           
1 53913U 22119AD  26175.19421796  .00000409  00000+0  43792-4 0  9997
2 53913  53.1585 195.8471 0001077  80.9105 279.2008 15.08835987207903
STARLINK-5040           
1 53914U 22119AE  26174.79310862  .00000525  00000+0  51083-4 0  9995
2 53914  53.1582 197.6151 0000879  98.2568 261.8523 15.08833705207848
STARLINK-5012           
1 53918U 22119AJ  26175.31933343  .00000508  00000+0  49988-4 0  9995
2 53918  53.1581 195.2071 0001034  74.5930 285.5175 15.08832401207927
STARLINK-5025           
1 53920U 22119AL  26175.20254541 -.00000017  00000+0  17001-4 0  9999
2 53920  53.1579 195.8944 0001044  71.7557 288.3548 15.08833605207907
STARLINK-5002           
1 53922U 22119AN  26175.30459398  .00000561  00000+0  53315-4 0  9990
2 53922  53.1576 195.1167 0001064  78.7524 281.3587 15.08831170207922
STARLINK-5004           
1 53923U 22119AP  26175.31196799  .00000526  00000+0  51168-4 0  9990
2 53923  53.1586 195.1616 0001088  82.4447 277.6668 15.08829985207924
STARLINK-5011           
1 53925U 22119AR  26174.75993346  .00000459  00000+0  46942-4 0  9991
2 53925  53.1586 197.4174 0001012  78.6087 281.5018 15.08830779207841
STARLINK-5009           
1 53928U 22119AU  26175.31656594  .00000242  00000+0  33307-4 0  9999
2 53928  53.1587 185.2131 0001149  78.9536 281.1584 15.08838886208062
STARLINK-5018           
1 53929U 22119AV  26174.76834365  .00000197  00000+0  30463-4 0  9991
2 53929  53.1586 198.1534 0001215  75.9961 284.1166 15.08830076207831
STARLINK-4772           
1 53932U 22119AY  26175.20113421 -.00000079  00000+0  13142-4 0  9993
2 53932  53.1581 180.9247 0001316  90.9259 269.1884 15.08832581208125
STARLINK-4782           
1 53933U 22119AZ  26175.31284334  .00005323  00000+0  35198-3 0  9998
2 53933  53.1590 185.1900 0001053  70.8413 289.2693 15.08873903208063
STARLINK-4775           
1 53934U 22119BA  26175.19744782  .00000006  00000+0  18480-4 0  9992
2 53934  53.1597 180.9001 0001153  77.6045 282.5076 15.08834088208133
STARLINK-4633           
1 53964U 22125A   26175.09580135 -.00001038  00000+0 -47110-4 0  9991
2 53964  53.1622 106.4661 0001450  88.4401 271.6757 15.08832231205383
STARLINK-4635           
1 53966U 22125C   26175.08843183 -.00000703  00000+0 -26051-4 0  9996
2 53966  53.1617 106.4194 0001528  90.4867 269.6300 15.08830408205380
STARLINK-4634           
1 53967U 22125D   26175.08474875  .00001007  00000+0  81335-4 0  9997
2 53967  53.1622 106.3975 0001401  91.5377 268.5775 15.08835757205387
STARLINK-4629           
1 53968U 22125E   26175.07369139 -.00000114  00000+0  10911-4 0  9994
2 53968  53.1608 106.3268 0001461  84.1791 275.9367 15.08835417205383
STARLINK-4468           
1 53969U 22125F   26175.08105957 -.00000222  00000+0  41512-5 0  9994
2 53969  53.1622 106.3737 0001507  91.3980 268.7184 15.08835730205387
STARLINK-4567           
1 53970U 22125G   26175.08336721 -.00000842  00000+0 -34790-4 0  9999
2 53970  53.1612 101.4046 0001298  94.3184 265.7955 15.08839905205463
STARLINK-5156           
1 53973U 22125K   26175.07000721  .00000068  00000+0  22404-4 0  9996
2 53973  53.1608 106.3041 0001459  93.0120 267.1039 15.08835603205386
STARLINK-5159           
1 53974U 22125L   26175.03869224 -.00000817  00000+0 -33230-4 0  9997
2 53974  53.1611  86.1696 0001177  89.4899 270.6227 15.08826837205669
STARLINK-5137           
1 53975U 22125M   26175.10538408 -.00000765  00000+0 -30017-4 0  9995
2 53975  53.1598 100.8418 0000992  96.3788 263.7316 15.08829773205460
STARLINK-5134           
1 53976U 22125N   26175.02035541  .00000391  00000+0  42660-4 0  9997
2 53976  53.1611  86.7670 0001570  93.2508 266.8663 15.08836256205652
STARLINK-5094           
1 53977U 22125P   26175.09073827 -.00000509  00000+0 -13913-4 0  9996
2 53977  53.1613 101.4451 0001320  92.6115 267.5027 15.08827536205458
STARLINK-5148           
1 53978U 22125Q   26175.07232455 -.00001612  00000+0 -83210-4 0  9992
2 53978  53.1618 101.3307 0001599  92.1871 267.9304 15.08823200205451
STARLINK-5123           
1 53979U 22125R   26175.07967995 -.00000138  00000+0  94344-5 0  9999
2 53979  53.1619 101.3768 0001544  88.4900 271.6268 15.08834595205455
STARLINK-5133           
1 53980U 22125S   26175.12012460  .00000182  00000+0  29532-4 0  9999
2 53980  53.1596 100.9234 0001222  94.3324 265.7808 15.08837634205465
STARLINK-5149           
1 53981U 22125T   26175.05343418  .00000580  00000+0  54531-4 0  9991
2 53981  53.1602  86.2758 0001372  80.0530 280.0616 15.08829770205669
STARLINK-5120           
1 53982U 22125U   26175.08200346 -.00002115  00000+0 -11492-3 0  9993
2 53982  53.1608  96.4097 0001395  86.2849 273.8302 15.08817094205513
STARLINK-5142           
1 53984U 22125W   26175.09304291 -.00001021  00000+0 -46068-4 0  9993
2 53984  53.1622  96.4763 0001571  88.0092 272.1080 15.08836614205522
STARLINK-5147           
1 53985U 22125X   26175.10040964  .00000658  00000+0  59456-4 0  9998
2 53985  53.1607  96.5225 0001264  88.5982 271.5154 15.08832295205528
STARLINK-5113           
1 53988U 22125AA  26175.08935989  .00001734  00000+0  12703-3 0  9997
2 53988  53.1612  96.4541 0001347  80.1182 279.9961 15.08837496205514
STARLINK-5118           
1 53991U 22125AD  26175.07550593  .00004325  00000+0  28940-3 0  9993
2 53991  53.1599  86.3341 0001331  85.6530 274.4613 15.08869064205653
STARLINK-5108           
1 53992U 22125AE  26175.07830353  .00000125  00000+0  25950-4 0  9992
2 53992  53.1612  96.3882 0001480  91.6510 268.4651 15.08831689205513
STARLINK-5121           
1 53993U 22125AF  26175.05482046 -.00001263  00000+0 -61313-4 0  9992
2 53993  53.1601  91.2457 0001082 107.1202 252.9908 15.08827134205583
STARLINK-5125           
1 53994U 22125AG  26175.06724182  .00001769  00000+0  12922-3 0  9994
2 53994  53.1609  96.3170 0001286  87.2782 272.8357 15.08837778205525
STARLINK-5097           
1 53995U 22125AH  26175.07461686  .00000083  00000+0  23308-4 0  9992
2 53995  53.1615  96.3677 0001324  89.9786 270.1357 15.08831884205513
STARLINK-5131           
1 53996U 22125AJ  26175.06355908 -.00000055  00000+0  14653-4 0  9994
2 53996  53.1607  96.2934 0001326  94.3399 265.7744 15.08834712205526
STARLINK-5130           
1 53997U 22125AK  26175.03140993 -.00000594  00000+0 -19242-4 0  9996
2 53997  53.1626  86.8252 0001536  96.9695 263.1471 15.08831810205655
STARLINK-5128           
1 53998U 22125AL  26175.05618481  .00000276  00000+0  35400-4 0  9990
2 53998  53.1612  96.2495 0001245  89.1810 270.9324 15.08845117205529
STARLINK-5079           
1 53999U 22125AM  26175.07093187 -.00000202  00000+0  53889-5 0  9995
2 53999  53.1615  96.3404 0001470  87.2283 272.8877 15.08831360205526
STARLINK-5088           
1 54000U 22125AN  26175.02772348  .00000143  00000+0  27089-4 0  9992
2 54000  53.1612  86.8041 0001545  92.7428 267.3740 15.08835164205651
STARLINK-5114           
1 54003U 22125AR  26175.05987435  .00000818  00000+0  69511-4 0  9998
2 54003  53.1601  96.2702 0001296  94.7623 265.3516 15.08836977205521
STARLINK-5129           
1 54004U 22125AS  26175.04881802  .00000641  00000+0  58401-4 0  9999
2 54004  53.1617  96.2025 0001641  88.6820 271.4359 15.08837788205526
STARLINK-5135           
1 54005U 22125AT  26175.05250101  .00000338  00000+0  39302-4 0  9995
2 54005  53.1614  96.2251 0001250  89.3435 270.7700 15.08838595205520
STARLINK-5132           
1 54007U 22125AV  26175.04513730  .00000127  00000+0  26075-4 0  9995
2 54007  53.1614  96.1829 0001428  81.5984 278.5169 15.08837841205520
STARLINK-5145           
1 54008U 22125AW  26174.97613590 -.00000129  00000+0  99694-5 0  9993
2 54008  53.1618  86.4906 0001197  90.4979 269.6150 15.08832014205651
STARLINK-5099           
1 54009U 22125AX  26175.04140534  .00006910  00000+0  45123-3 0  9995
2 54009  53.1625  96.1575 0001124 114.2772 245.8337 15.08885524205529
STARLINK-5127           
1 54010U 22125AY  26175.03501036 -.00000732  00000+0 -27933-4 0  9992
2 54010  53.1620  86.1556 0001387  91.4534 268.6616 15.08831275205669
STARLINK-5124           
1 54011U 22125AZ  26175.02404302  .00004379  00000+0  29329-3 0  9999
2 54011  53.1613  86.7832 0001432  93.3328 266.7827 15.08809066205653
STARLINK-5098           
1 54013U 22125BB  26175.07185724  .00000558  00000+0  53152-4 0  9997
2 54013  53.1609  86.3736 0001179  90.9918 269.1209 15.08833436205665
STARLINK-5055           
1 54015U 22125BD  26175.26666667  .00029759  00000+0  18685-2 0  9994
2 54015  53.2158  85.5885 0001400  88.3503 271.7649 15.09065928205695
STARLINK-5195           
1 54051U 22136A   26175.30467830 -.00000004  00000+0  18081-4 0  9997
2 54051  53.2024 225.8865 0001078  80.7386 279.3727 15.08016331202938
STARLINK-5189           
1 54052U 22136B   26175.30919468  .00000022  00000+0  19472-4 0  9991
2 54052  53.1584 185.1603 0001203  73.5616 286.5508 15.08836792203505
STARLINK-5163           
1 54054U 22136D   26174.87585148 -.00000177  00000+0  69421-5 0  9990
2 54054  53.1616 227.4154 0001016  81.4832 278.6275 15.09662282202878
STARLINK-5158           
1 54055U 22136E   26174.88603663  .00000029  00000+0  19906-4 0  9992
2 54055  53.1586 227.4158 0000755  81.4700 278.6377 15.08834766202872
STARLINK-5226           
1 54056U 22136F   26174.43332583  .00000127  00000+0  26064-4 0  9996
2 54056  53.1581 228.8709 0001003  80.7641 279.3464 15.08835303202815
STARLINK-5167           
1 54058U 22136H   26174.87130015  .00000314  00000+0  37821-4 0  9993
2 54058  53.1581 227.3232 0000954  88.3264 271.7836 15.08833775202877
STARLINK-5173           
1 54059U 22136J   26174.87498710  .00000086  00000+0  23521-4 0  9991
2 54059  53.1586 227.3479 0001212  84.6293 275.4837 15.08833750202870
STARLINK-5169           
1 54060U 22136K   26174.76729747  .00000483  00000+0  48415-4 0  9998
2 54060  53.1589 197.4418 0001094  79.2672 280.8442 15.08831232203285
STARLINK-5209           
1 54061U 22136L   26175.29583328 -.00000159  00000+0  81115-5 0  9997
2 54061  53.1580 190.0165 0001254  87.8159 272.2976 15.08838125203430
STARLINK-5170           
1 54062U 22136M   26174.86761635  .00000412  00000+0  43991-4 0  9999
2 54062  53.1585 227.3011 0001108  86.8766 273.2352 15.08834338202879
STARLINK-5187           
1 54065U 22136Q   26174.85656435  .00000321  00000+0  38231-4 0  9992
2 54065  53.1590 227.2348 0000962  81.2783 278.8317 15.08832802202871
STARLINK-5151           
1 54066U 22136R   26174.87768515  .00000375  00000+0  42413-4 0  9994
2 54066  53.2035 227.4901 0001154  75.9425 284.1695 15.08022845202878
STARLINK-5174           
1 54067U 22136S   26174.84919556  .00000153  00000+0  27677-4 0  9994
2 54067  53.1591 227.1898 0000985  85.6559 274.4545 15.08831131202876
STARLINK-5222           
1 54068U 22136T   26174.85288019  .00000260  00000+0  34418-4 0  9999
2 54068  53.1600 227.2120 0001056  82.8089 277.3022 15.08831664202877
STARLINK-5181           
1 54070U 22136V   26175.30550456  .00000341  00000+0  39489-4 0  9993
2 54070  53.1589 225.0591 0000844  76.2334 283.8751 15.08831109202941
STARLINK-5168           
1 54071U 22136W   26174.83813986 -.00000179  00000+0  68408-5 0  9995
2 54071  53.1588 227.1213 0001086  84.1653 275.9462 15.08831074202870
STARLINK-5146           
1 54073U 22136Y   26174.83676333 -.00003670  00000+0 -21262-3 0  9995
2 54073  53.1587 222.1307 0001024  79.6216 280.4891 15.08833316202942
STARLINK-5192           
1 54074U 22136Z   26174.83445406 -.00000571  00000+0 -17764-4 0  9991
2 54074  53.1584 227.0971 0001156  84.1834 275.9289 15.08830787202875
STARLINK-5201           
1 54076U 22136AB  26175.28812267 -.00000069  00000+0  13752-4 0  9990
2 54076  53.1586 225.6444 0001131  87.7089 272.4032 15.08832689202930
STARLINK-5171           
1 54077U 22136AC  26174.78079593 -.00000173  00000+0  72146-5 0  9991
2 54077  53.1594 203.3588 0001176  82.1955 277.9170 15.08830886203203
STARLINK-5175           
1 54079U 22136AE  26174.82442708  .00000638  00000+0  58155-4 0  9998
2 54079  53.1589 217.7509 0001162  89.0455 271.0669 15.08830957203002
STARLINK-5210           
1 54082U 22136AH  26174.82072403  .00000470  00000+0  47632-4 0  9995
2 54082  53.1572 217.7232 0001654  81.1089 279.0090 15.08826459203001
STARLINK-5178           
1 54083U 22136AJ  26174.80966859 -.00000189  00000+0  61912-5 0  9997
2 54083  53.1585 217.6600 0001129  77.7861 282.3257 15.08830813203001
STARLINK-5183           
1 54084U 22136AK  26174.81703837 -.00000173  00000+0  72033-5 0  9993
2 54084  53.1585 217.7038 0001139  79.6605 280.4515 15.08831376203007
STARLINK-5166           
1 54085U 22136AL  26174.40949861 -.00000183  00000+0  65828-5 0  9993
2 54085  53.1595 219.4289 0001350  78.2279 281.8864 15.08832983202942
STARLINK-5211           
1 54086U 22136AM  26174.80921130 -.00002087  00000+0 -11309-3 0  9996
2 54086  53.1584 202.6955 0001224  87.8142 272.2990 15.08832019203215
STARLINK-5184           
1 54087U 22136AN  26174.83537971  .00000369  00000+0  41300-4 0  9990
2 54087  53.1576 217.1171 0001099  86.8451 273.2666 15.08831991203017
STARLINK-5153           
1 54088U 22136AP  26174.81336747  .00000619  00000+0  56995-4 0  9991
2 54088  53.1587 217.6822 0001277  66.5211 293.5915 15.08836127203002
STARLINK-5143           
1 54089U 22136AQ  26174.85748338  .00000321  00000+0  38284-4 0  9990
2 54089  53.1583 217.2518 0001029  78.6562 281.4545 15.08834686203019
STARLINK-5177           
1 54090U 22136AR  26174.39748749  .00000352  00000+0  40220-4 0  9994
2 54090  53.1579 219.3536 0000979  85.6451 274.4653 15.08834855202948
STARLINK-5221           
1 54091U 22136AS  26174.83169604  .00000080  00000+0  23116-4 0  9994
2 54091  53.1585 217.0909 0001121  88.4233 271.6887 15.08829570203019
STARLINK-5213           
1 54093U 22136AU  26174.84643733  .00000092  00000+0  23904-4 0  9995
2 54093  53.1584 217.1774 0001170  82.0203 278.0921 15.08829430203017
STARLINK-5193           
1 54095U 22136AW  26175.30275104  .00000559  00000+0  53246-4 0  9992
2 54095  53.1584 215.0475 0001230  89.5873 270.5259 15.08830060203085
STARLINK-5188           
1 54096U 22136AX  26174.85011292  .00000285  00000+0  36022-4 0  9997
2 54096  53.1584 217.2007 0001085  84.2817 275.8298 15.08835339203017
STARLINK-5197           
1 54097U 22136AY  26175.18915651  .00000628  00000+0  57517-4 0  9990
2 54097  53.1578 190.8162 0001051  71.1915 288.9191 15.08838618203410
STARLINK-5217           
1 54098U 22136AZ  26174.83642835  .00000642  00000+0  58407-4 0  9998
2 54098  53.1581 217.8080 0001208  88.2541 271.8589 15.08840984203008
STARLINK-5198           
1 54099U 22136BA  26174.82800794  .00000532  00000+0  51537-4 0  9993
2 54099  53.1581 217.0642 0000975  55.8768 304.2316 15.08831484203011
STARLINK-5185           
1 54100U 22136BB  26174.84274636  .00000327  00000+0  38623-4 0  9991
2 54100  53.1589 217.1549 0001093  86.8968 273.2149 15.08833677203012
STARLINK-5204           
1 54101U 22136BC  26174.77701116  .00000453  00000+0  46561-4 0  9992
2 54101  53.1578 202.5004 0000957  84.0200 276.0900 15.08827397203212
STARLINK-5179           
1 54102U 22136BD  26174.40854088  .00000211  00000+0  31319-4 0  9997
2 54102  53.1583 219.4124 0001058  84.0159 276.0953 15.08832292202942
STARLINK-5200           
1 54103U 22136BE  26174.77835950 -.00000024  00000+0  16563-4 0  9992
2 54103  53.1587 197.5196 0001114  83.8302 276.2817 15.08829805203287
STARLINK-5203           
1 54104U 22136BF  26174.81883639  .00167820  00000+0  96704-2 0  9995
2 54104  53.1610 182.0746 0001335 359.6219   0.4773 15.11189044203502
STARLINK-5290           
1 54157U 22141A   26174.51253032 -.00001619  00000+0 -83663-4 0  9991
2 54157  53.1585 258.8760 0001082  79.5867 280.5247 15.08828129201690
STARLINK-5297           
1 54158U 22141B   26175.25863958 -.00000025  00000+0  16545-4 0  9992
2 54158  53.1601 255.7086 0001052  86.2231 273.8881 15.08830236201808
STARLINK-5294           
1 54159U 22141C   26174.92375470  .00000407  00000+0  43660-4 0  9994
2 54159  53.1593 257.1811 0001064  84.0265 276.0848 15.08830796201750
STARLINK-5233           
1 54160U 22141D   26175.30141206  .00000779  00000+0  67044-4 0  9991
2 54160  53.1584 210.3504 0001302  98.7408 261.3731 15.08823437202447
STARLINK-5269           
1 54161U 22141E   26174.52727090 -.00000063  00000+0  14139-4 0  9990
2 54161  53.1593 258.9663 0001050  82.4035 277.7076 15.08831715201695
STARLINK-5273           
1 54162U 22141F   26174.45270571  .00003038  00000+0  20898-3 0  9992
2 54162  53.1591 259.2135 0000681  55.9781 304.1276 15.08816785201680
STARLINK-5279           
1 54165U 22141J   26174.51525651 -.00000181  00000+0  67442-5 0  9999
2 54165  53.1603 258.8926 0001312  88.4523 271.6618 15.08835644201691
STARLINK-5243           
1 54167U 22141L   26174.96052772  .00001845  00000+0  13400-3 0  9999
2 54167  53.1591 256.6931 0001268  86.2673 273.8463 15.08834805201761
STARLINK-5282           
1 54169U 22141N   26174.93510265  .00059167  00000+0  36563-2 0  9998
2 54169  53.1593 246.5683 0001510 123.8759 236.2377 15.09319324201908
STARLINK-5242           
1 54173U 22141S   26174.40890792  .00042571  00000+0  26487-2 0  9996
2 54173  53.1567 248.9698 0002771  83.0662 277.0645 15.09223690201828
STARLINK-5248           
1 54174U 22141T   26175.21121236 -.00000848  00000+0 -35176-4 0  9997
2 54174  53.1587 190.5302 0001221  66.0418 294.0701 15.08837365202714
STARLINK-5164           
1 54178U 22141X   26174.61467822  .00201014  00000+0  11343-1 0  9991
2 54178  53.1619 248.1016 0001614 124.0712 236.0434 15.11764897201850
STARLINK-5227           
1 54181U 22141AA  26174.68870539  .00195967  00000+0  11155-1 0  9995
2 54181  53.1603 247.8698 0001424 104.3058 255.8093 15.11478474201866
STARLINK-5231           
1 54182U 22141AB  26174.40482040  .00000592  00000+0  55293-4 0  9995
2 54182  53.1589 219.0476 0001176  80.3737 279.7387 15.08826120202241
STARLINK-5239           
1 54183U 22141AC  26174.87407063  .00164705  00000+0  96101-2 0  9997
2 54183  53.1608 246.8946 0002198 211.4902 148.5959 15.10753810201896
STARLINK-5162           
1 54184U 22141AD  26174.61651151  .00004027  00000+0  27073-3 0  9992
2 54184  53.1595 248.8222 0000940  84.4356 275.6742 15.08865701201842
STARLINK-5235           
1 54185U 22141AE  26175.01591031  .00153574  00000+0  87328-2 0  9998
2 54185  53.1603 246.3550 0001749  38.4317 321.6800 15.11746663201918
STARLINK-5238           
1 54188U 22141AH  26174.46191750 -.00000048  00000+0  15083-4 0  9992
2 54188  53.1590 239.3158 0000997  82.3369 277.7736 15.08833355201966
STARLINK-5281           
1 54190U 22141AK  26174.59071211 -.00000119  00000+0  10624-4 0  9993
2 54190  53.1595 238.6970 0001195  86.5279 273.5849 15.08835256201988
STARLINK-4619           
1 54191U 22141AL  26174.86673093  .00000073  00000+0  22666-4 0  9997
2 54191  53.1587 237.5729 0001025  83.3859 276.7249 15.08828690202020
STARLINK-5268           
1 54192U 22141AM  26174.88508379  .00001410  00000+0  10670-3 0  9991
2 54192  53.1592 236.9796 0000800  74.5153 285.5927 15.08818920202030
STARLINK-5263           
1 54193U 22141AN  26174.58334320  .00000120  00000+0  25612-4 0  9992
2 54193  53.1589 238.6507 0000997  86.7606 273.3500 15.08834615201985
STARLINK-5271           
1 54194U 22141AP  26175.30461805  .00001007  00000+0  81373-4 0  9994
2 54194  53.1580 235.3293 0001160  86.3068 273.8056 15.08827994202090
STARLINK-5258           
1 54195U 22141AQ  26174.58702695  .00000181  00000+0  29447-4 0  9995
2 54195  53.1597 238.6733 0001025  82.2726 277.8382 15.08836210201984
STARLINK-5237           
1 54196U 22141AR  26174.56860418  .00000658  00000+0  59427-4 0  9992
2 54196  53.1587 238.5594 0001029  87.3236 272.7874 15.08837003201985
STARLINK-5246           
1 54198U 22141AT  26174.89613673  .00001684  00000+0  12398-3 0  9994
2 54198  53.1567 237.0475 0000529 118.5113 241.5932 15.08805149202034
STARLINK-5244           
1 54199U 22141AU  26174.90349003  .00000227  00000+0  32344-4 0  9996
2 54199  53.1584 237.0935 0001098  85.9589 274.1528 15.08834562202035
STARLINK-5250           
1 54200U 22141AV  26174.88875344  .00000308  00000+0  37431-4 0  9990
2 54200  53.1583 237.0010 0001008  90.1174 269.9933 15.08832663202032
STARLINK-5199           
1 54201U 22141AW  26174.91086067 -.00000601  00000+0 -19694-4 0  9990
2 54201  53.1590 237.1336 0001064  85.5535 274.5578 15.08842501202033
STARLINK-5205           
1 54202U 22141AX  26174.88138458  .00000642  00000+0  58459-4 0  9994
2 54202  53.1591 236.9570 0001097  87.1679 272.9438 15.08829677202031
STARLINK-5247           
1 54203U 22141AY  26175.28989480  .00001724  00000+0  12639-3 0  9990
2 54203  53.1590 235.2388 0000335   4.6111 355.4884 15.08831844202096
STARLINK-5241           
1 54204U 22141AZ  26174.87032735  .00000002  00000+0  18172-4 0  9994
2 54204  53.1589 236.8873 0000535  54.8435 305.2606 15.08831336202034
STARLINK-5249           
1 54205U 22141BA  26174.87769834  .00000046  00000+0  20992-4 0  9993
2 54205  53.1591 236.9337 0001029  87.6069 272.5040 15.08831107202034
STARLINK-5264           
1 54206U 22141BB  26174.36023781 -.00000484  00000+0 -12342-4 0  9990
2 54206  53.1587 204.4513 0001090  88.0193 272.0923 15.08824775202440
STARLINK-5262           
1 54207U 22141BC  26174.87401488 -.00000095  00000+0  12140-4 0  9994
2 54207  53.1592 236.9112 0001095  82.1826 277.9289 15.08830374202031
STARLINK-5255           
1 54208U 22141BD  26174.84508473  .00000245  00000+0  33458-4 0  9995
2 54208  53.1583 212.4810 0001045  83.8125 276.2986 15.08833943202379
STARLINK-5259           
1 54209U 22141BE  26174.87862985  .00000830  00000+0  70229-4 0  9997
2 54209  53.1584 226.9428 0001180  78.5992 281.5132 15.08829853202174
STARLINK-5464           
1 54758U 22175A   26174.78714375 -.00000257  00000+0  19472-5 0  9990
2 54758  53.1602 282.8872 0000513  82.3484 277.7566 15.08829572196006
STARLINK-5215           
1 54759U 22175B   26174.45963479  .00003715  00000+0  25159-3 0  9994
2 54759  53.1592 284.3919 0001115  98.3052 261.8066 15.08809783195955
STARLINK-5220           
1 54760U 22175C   26174.58980060 -.00000576  00000+0 -18098-4 0  9994
2 54760  53.1599 288.7707 0001234  77.8242 282.2888 15.08837759195900
STARLINK-5202           
1 54761U 22175D   26174.59348243  .00000314  00000+0  37847-4 0  9998
2 54761  53.1616 288.7955 0001190  76.9803 283.1321 15.08839286195909
STARLINK-5191           
1 54763U 22175F   26175.04979883 -.00000093  00000+0  12232-4 0  9997
2 54763  53.1629 286.6641 0001045  78.4023 281.7086 15.08833440195979
STARLINK-5458           
1 54764U 22175G   26174.49873078  .00000475  00000+0  47941-4 0  9993
2 54764  53.1608 288.9190 0001197  94.2237 265.8891 15.08832455195895
STARLINK-5471           
1 54766U 22175J   26175.03506006  .00000602  00000+0  55904-4 0  9990
2 54766  53.1592 286.5717 0001438  90.8513 269.2644 15.08835434195978
STARLINK-5472           
1 54767U 22175K   26175.03137148  .00001213  00000+0  94302-4 0  9992
2 54767  53.1590 286.5487 0001164  90.8778 269.2347 15.08839498195974
STARLINK-5451           
1 54771U 22175P   26174.48533853  .00000357  00000+0  40534-4 0  9994
2 54771  53.1603 283.8509 0000900  93.8145 266.2949 15.08829799195964
STARLINK-5452           
1 54772U 22175Q   26174.97941823  .00000641  00000+0  58388-4 0  9991
2 54772  53.1587 271.9721 0001095  89.1424 270.9693 15.08833041196171
STARLINK-5453           
1 54773U 22175R   26174.49408897  .00000015  00000+0  19069-4 0  9996
2 54773  53.1615 288.8877 0001244  92.4234 267.6900 15.08830899195895
STARLINK-5454           
1 54774U 22175S   26174.53774597 -.00004720  00000+0 -27849-3 0  9998
2 54774  53.1594 273.4930 0001059  80.0312 280.0799 15.08865322196116
STARLINK-5465           
1 54775U 22175T   26174.49040227 -.00000279  00000+0  53892-6 0  9994
2 54775  53.1590 288.8634 0001077  92.1586 267.9529 15.08832641195898
STARLINK-5470           
1 54776U 22175U   26174.73324785  .00000912  00000+0  75390-4 0  9994
2 54776  53.1610 287.5406 0000946  85.8641 274.2459 15.08833938195938
STARLINK-5468           
1 54777U 22175V   26174.68544203 -.00000829  00000+0 -33998-4 0  9995
2 54777  53.1602 287.9485 0001103  87.3009 272.8109 15.08824051195923
STARLINK-5450           
1 54778U 22175W   26174.97205232  .00001848  00000+0  13425-3 0  9996
2 54778  53.1601 271.9282 0001186 100.4369 259.6756 15.08824042196177
STARLINK-5447           
1 54779U 22175X   26174.97573193  .00000110  00000+0  24995-4 0  9997
2 54779  53.1590 271.9490 0001136  81.4617 278.6503 15.08833267196175
STARLINK-5449           
1 54780U 22175Y   26174.55986580  .00000152  00000+0  27645-4 0  9992
2 54780  53.1603 273.6181 0001099  90.3261 269.7857 15.08834067196116
STARLINK-5443           
1 54781U 22175Z   26174.96684744  .00097803  00000+0  59174-2 0  9994
2 54781  53.1603 271.8882 0002007  95.9830 264.1391 15.09822098196178
STARLINK-5442           
1 54784U 22175AC  26174.61550767  .00000386  00000+0  42304-4 0  9995
2 54784  53.1600 288.2240 0000747  76.8812 283.2263 15.08836074195914
STARLINK-5440           
1 54785U 22175AD  26174.87873287  .00107800  00000+0  65142-2 0  9991
2 54785  53.1589 232.1390 0000530 135.1346 224.9689 15.09805587196726
STARLINK-5441           
1 54787U 22175AF  26174.61182558 -.00000421  00000+0 -83419-5 0  9992
2 54787  53.1603 288.2006 0001117  90.2491 269.8628 15.08835059195912
STARLINK-5399           
1 54788U 22175AG  26174.55611982  .00010157  00000+0  65414-3 0  9992
2 54788  53.1593 273.5994 0000843  60.6440 299.4635 15.08906131196114
STARLINK-5446           
1 54789U 22175AH  26174.95315324  .00000791  00000+0  67819-4 0  9993
2 54789  53.1586 256.7148 0001089  74.6843 285.4268 15.08834985196389
STARLINK-5445           
1 54790U 22175AJ  26174.48256297  .00000704  00000+0  62284-4 0  9991
2 54790  53.1604 273.8515 0001251  90.9606 269.1529 15.08842663196100
STARLINK-5425           
1 54791U 22175AK  26174.96098490  .00000828  00000+0  70072-4 0  9995
2 54791  53.1594 271.8575 0000896  83.6143 276.4951 15.08840735196177
STARLINK-5431           
1 54792U 22175AL  26174.60445195  .00000403  00000+0  43376-4 0  9991
2 54792  53.1586 288.1542 0000932  83.5471 276.5627 15.08835763195915
STARLINK-5433           
1 54793U 22175AM  26174.96192260  .00000431  00000+0  45181-4 0  9990
2 54793  53.1583 261.9195 0001116  91.1038 269.0081 15.08834543196316
STARLINK-5415           
1 54796U 22175AQ  26174.67759828 -.00000091  00000+0  12371-4 0  9998
2 54796  53.1608 272.9416 0000823  49.8527 310.2537 15.08835992196136
STARLINK-5435           
1 54797U 22175AR  26174.69008045  .00000058  00000+0  21727-4 0  9996
2 54797  53.1602 287.9738 0001278  92.3545 267.7592 15.08830346195923
STARLINK-5420           
1 54798U 22175AS  26174.93981588  .00000065  00000+0  22146-4 0  9990
2 54798  53.1586 261.7714 0000964  83.3244 276.7857 15.08826232196313
STARLINK-5421           
1 54799U 22175AT  26174.62703667  .00000844  00000+0  71121-4 0  9999
2 54799  53.1589 263.3768 0000924  77.0332 283.0762 15.08834390196262
STARLINK-5428           
1 54800U 22175AU  26175.01387213  .00000473  00000+0  47798-4 0  9992
2 54800  53.1598 276.4453 0001098  86.4342 273.6775 15.08834352196110
STARLINK-5426           
1 54802U 22175AW  26174.86857181 -.00000050  00000+0  15107-4 0  9993
2 54802  53.2026 232.0960 0001154  80.7280 279.3842 15.08014039196728
STARLINK-5430           
1 54803U 22175AX  26174.74063303  .00005102  00000+0  33855-3 0  9997
2 54803  53.1590 287.5661 0000919 106.1851 253.9242 15.08824937195932
STARLINK-5417           
1 54805U 22175AZ  26174.55930870 -.00000379  00000+0 -59855-5 0  9993
2 54805  53.2044 273.7345 0001299  87.0528 273.0612 15.08020830196110
STARLINK-5410           
1 54807U 22175BB  26174.66655422  .00000144  00000+0  27166-4 0  9991
2 54807  53.1584 272.8660 0001003  92.3147 267.7959 15.08834429196132
STARLINK-5413           
1 54808U 22175BC  26174.64040151  .00000296  00000+0  36695-4 0  9992
2 54808  53.1592 258.5234 0001282  86.5513 273.5625 15.08844668196334
STARLINK-5408           
1 54810U 22175BE  26174.54742710  .00000891  00000+0  74073-4 0  9997
2 54810  53.1598 268.5420 0000809  75.1808 284.9273 15.08837074196187
STARLINK-5424           
1 54811U 22175BF  26174.44170900  .00000044  00000+0  20840-4 0  9996
2 54811  53.1590 269.2909 0001229  88.8264 271.2868 15.08838867196162
