STARLINK-2112
1 47391U 21005AU  26185.41497597  .00040545  00000+0  22874-2 0  9992
2 47391  53.0649 224.8247 0002060   0.6941 359.4054 15.12791577301098
STARLINK-2722
1 48472U 21040AW  26185.58181511  .00044237  00000+0  24689-2 0  9994
2 48472  53.0625  23.3441 0001923 109.8436 250.2763 15.13138183284150
STARLINK-3162
1 49411U 21104D   26185.36160796  .00001440  00000+0  10854-3 0  9996
2 49411  53.1620  55.1643 0001409  89.6745 270.4408 15.08839764256385
STARLINK-3157
1 49413U 21104F   26185.49040446  .00103861  00000+0  63021-2 0  9994
2 49413  53.1606  54.5894 0001954  75.2273 284.8936 15.09679486256406
STARLINK-3146
1 49414U 21104G   26185.66670139  .00095476  00000+0  51795-2 0  9999
2 49414  53.1604  63.6626 0001590  98.7126 171.3609 15.13768217  4901
STARLINK-3159
1 49415U 21104H   26185.35354200  .00074750  00000+0  45881-2 0  9995
2 49415  53.1595  55.1941 0001393 106.7509 253.3636 15.09449321256371
STARLINK-3133
1 49416U 21104J   26185.62161275  .00045077  00000+0  28063-2 0  9997
2 49416  53.1639  63.9908 0001043  97.6956 262.4154 15.09176631256284
STARLINK-3154
1 49417U 21104K   26185.66670139  .00078636  00000+0  45051-2 0  9999
2 49417  53.1603  53.3962 0001566  85.0604  38.7150 15.11922248  4951
STARLINK-3111
1 49418U 21104L   26185.15392727  .00078661  00000+0  48216-2 0  9992
2 49418  53.1647  66.0938 0001916  76.3876 283.7329 15.09472024256203
STARLINK-3120
1 49419U 21104M   26185.07733584  .00004885  00000+0  32505-3 0  9996
2 49419  53.1615  66.4439 0001391  91.9438 268.1712 15.08809937256190
STARLINK-3161
1 49422U 21104Q   26185.66670139  .00073640  00000+0  41637-2 0  9991
2 49422  53.1604  64.0554 0001509  85.9902  81.0399 15.12430351  4801
STARLINK-3135
1 49424U 21104S   26185.66670139  .00090630  00000+0  52763-2 0  9993
2 49424  53.1600  63.7720 0000856  76.7871 277.3518 15.11264093  4841
STARLINK-3114
1 49426U 21104U   26185.66670139  .00108029  00000+0  61888-2 0  9995
2 49426  53.1592  63.7627 0000897  66.3415 332.0997 15.11738556  4955
STARLINK-3121
1 49428U 21104W   26185.66670139  .00086826  00000+0  48579-2 0  9999
2 49428  53.1605  63.6384 0002001  89.2754 128.9052 15.12719389  4903
STARLINK-3138
1 49430U 21104Y   26185.66670139  .00104088  00000+0  57243-2 0  9991
2 49430  53.1604  64.0159 0001038  97.5409 249.6011 15.13228931  4903
STARLINK-3153
1 49431U 21104Z   26185.66670139  .01089705  00000+0  58899-1 0  9998
2 49431  53.1605  63.9577 0001685 113.5772 118.8130 15.11403200  4953
STARLINK-3079
1 49433U 21104AB  26185.34780592  .00001197  00000+0  93295-4 0  9990
2 49433  53.1615  45.2276 0001340  83.8276 276.2868 15.08841052257618
STARLINK-3134
1 49434U 21104AC  26185.64414282  .00037758  00000+0  23043-2 0  9998
2 49434  53.2157  64.0983 0001729 102.8594 257.2592 15.09987003257375
STARLINK-3117
1 49435U 21104AD  26185.02125194  .00004396  00000+0  29401-3 0  9999
2 49435  53.1607  46.6947 0001194  97.7846 262.3281 15.08855741256473
STARLINK-3049
1 49436U 21104AE  26185.61644863  .00000537  00000+0  51875-4 0  9998
2 49436  53.1603  44.0191 0001544  91.2189 268.8980 15.08833230256567
STARLINK-3044
1 49438U 21104AG  26185.59898986  .00003552  00000+0  24111-3 0  9996
2 49438  53.1595  44.0320 0001551  89.1562 270.9607 15.08845894256561
STARLINK-3105
1 49440U 21104AJ  26185.33677298  .00000965  00000+0  78734-4 0  9998
2 49440  53.1615  45.2788 0001509  84.9269 275.1895 15.08837100256521
STARLINK-3136
1 49443U 21104AM  26185.31136699  .00033786  00000+0  19830-2 0  9991
2 49443  53.2142  44.8524 0002479 107.5671 252.5593 15.11456369256532
STARLINK-3126
1 49444U 21104AN  26185.33037471  .00002089  00000+0  14937-3 0  9998
2 49444  53.1603  45.3172 0001252  98.7993 261.3140 15.08823664256522
STARLINK-3122
1 49445U 21104AP  26185.58335648  .01209138  00000+0  64514-1 0  9992
2 49445  53.1599  54.5259 0001241  75.5684 322.6429 15.12038192  4894
STARLINK-3099
1 49446U 21104AQ  26185.32573523  .00000124  00000+0  25893-4 0  9994
2 49446  53.1615  45.3267 0001666  88.8926 271.2257 15.08837095256529
STARLINK-3127
1 49450U 21104AU  26185.34321557  .00000938  00000+0  76997-4 0  9993
2 49450  53.1617  55.2868 0001293  92.4815 267.6325 15.08836889256645
STARLINK-3125
1 49451U 21104AV  26185.58335648  .00137941  00000+0  77073-2 0  9995
2 49451  53.1602  54.1136 0000941 123.0087 209.6931 15.12465354  4939
STARLINK-3160
1 49454U 21104AY  26185.65501686  .00094874  00000+0  57699-2 0  9992
2 49454  53.1622  53.8364 0002066 358.9287   1.1700 15.09651743256432
STARLINK-3145
1 49455U 21104AZ  26185.64022924  .00106638  00000+0  64587-2 0  9991
2 49455  53.1614  53.9036 0000414   0.8709 359.2284 15.09729759256435
STARLINK-3124
1 49456U 21104BA  26185.58335648  .00657664  00000+0  36731-1 0  9994
2 49456  53.1599  54.2051 0001783 105.2595 240.2443 15.10701383  4939
STARLINK-3156
1 49458U 21104BC  26185.11467944  .00048876  00000+0  30371-2 0  9994
2 49458  53.1614  56.2739 0001291 101.4650 258.6487 15.09208392256354
STARLINK-3141
1 49459U 21104BD  26185.58335648  .00109100  00000+0  64299-2 0  9995
2 49459  53.1594  54.1498 0000796  94.8440 359.4015 15.10706822  4948
STARLINK-3140
1 49460U 21104BE  26185.58335648  .00132322  00000+0  77039-2 0  9995
2 49460  53.1593  54.1556 0002005  67.9331  43.7261 15.11013893  4899
STARLINK-3218
1 49725U 21115B   26185.45638052  .00000991  00000+0  80330-4 0  9998
2 49725  53.1621 344.8415 0001084  98.8554 261.2560 15.08834479253166
STARLINK-3148
1 49736U 21115N   26185.44531368  .00002895  00000+0  19992-3 0  9991
2 49736  53.1625 344.6730 0001490  92.2163 267.8999 15.08841041253166
STARLINK-3225
1 49737U 21115P   26185.18773517 -.00001147  00000+0 -53992-4 0  9997
2 49737  53.1608 345.9454 0001449  85.1144 275.0013 15.08826736253127
STARLINK-3143
1 49738U 21115Q   26185.47087489  .00027681  00000+0  16206-2 0  9990
2 49738  53.2168 344.2882 0001177 132.3403 227.7691 15.11647121253172
STARLINK-3233
1 49746U 21115Y   26184.89701525  .00000226  00000+0  32279-4 0  9994
2 49746  53.1607 347.2523 0001212  94.4026 265.7104 15.08832290253071
STARLINK-3247
1 49747U 21115Z   26185.48213117  .00001247  00000+0  96436-4 0  9995
2 49747  53.1603 344.6210 0000997  88.0329 272.0777 15.08835318253167
STARLINK-3248
1 49748U 21115AA  26184.86384405 -.00000660  00000+0 -23382-4 0  9996
2 49748  53.1579 346.9738 0001882  91.6976 268.4231 15.08829036253087
STARLINK-3229
1 49751U 21115AD  26185.15828793  .00000278  00000+0  35562-4 0  9992
2 49751  53.1613 346.0009 0001080  85.7681 274.3434 15.08843108253121
STARLINK-3200
1 49753U 21115AF  26185.58335648  .00069115  00000+0  37802-2 0  9995
2 49753  53.1593 344.0909 0001498  69.5640  40.3670 15.13651299  4845
STARLINK-3210
1 49755U 21115AH  26184.65510129 -.00000598  00000+0 -19511-4 0  9994
2 49755  53.1605 348.3857 0001247  92.6684 267.4450 15.08828340253040
STARLINK-3198
1 49763U 21115AR  26185.41314210  .00001967  00000+0  14166-3 0  9990
2 49763  53.1614 334.9311 0001238  89.6851 270.4283 15.08838140253303
STARLINK-3208
1 49769U 21115AX  26185.44353450  .00000304  00000+0  37197-4 0  9992
2 49769  53.1592 334.8404 0001296  90.5072 269.6068 15.08832584253303
STARLINK-3191
1 49770U 21115AY  26185.11969241  .00000938  00000+0  77038-4 0  9990
2 49770  53.1631 336.2981 0001195  89.0931 271.0198 15.08836146254377
STARLINK-3297
1 50159U 21125D   26185.47553680  .00115467  00000+0  69731-2 0  9992
2 50159  53.1618  94.6518 0001697 121.9588 238.1569 15.09783062254080
STARLINK-3304
1 50161U 21125F   26185.58335648  .00117120  00000+0  65493-2 0  9998
2 50161  53.1599  94.1122 0001839  85.4119 108.7840 15.12554366  5804
STARLINK-3298
1 50165U 21125K   26185.47089089  .00096271  00000+0  58476-2 0  9991
2 50165  53.1598  94.6618 0001759 236.4981 123.5843 15.09688377254134
STARLINK-3271
1 50167U 21125M   26185.58335648  .00115403  00000+0  67567-2 0  9990
2 50167  53.1592  94.1540 0001935  97.1516 195.3725 15.10908067  5741
STARLINK-3287
1 50172U 21125S   26185.41036896 -.00000615  00000+0 -20549-4 0  9992
2 50172  53.1606  84.9427 0001555  93.0538 267.0631 15.08836832254253
STARLINK-3291
1 50175U 21125V   26185.42141310  .00000592  00000+0  55329-4 0  9990
2 50175  53.1611  84.8938 0001572  88.3766 271.7406 15.08833026254228
STARLINK-3281
1 50183U 21125AD  26185.44544584  .00037218  00000+0  23168-2 0  9990
2 50183  53.1617  84.7700 0001589 100.6000 259.5170 15.09269349254275
STARLINK-3272
1 50187U 21125AH  26184.96994802  .00027134  00000+0  15533-2 0  9995
2 50187  53.2147  75.7661 0001695  74.8427 285.2754 15.12467559254290
STARLINK-3273
1 50191U 21125AM  26185.58335648  .00137413  00000+0  76462-2 0  9996
2 50191  53.1602  94.1210 0002102  78.0074  70.1925 15.12616026  5743
STARLINK-3259
1 50192U 21125AN  26185.08377776 -.00000345  00000+0 -35733-5 0  9994
2 50192  53.1616  76.4136 0001455  93.3101 266.8057 15.08835781254304
STARLINK-3261
1 50193U 21125AP  26185.42602993 -.00001916  00000+0 -10238-3 0  9991
2 50193  53.1603  74.8772 0001414  99.5489 260.5663 15.08824103254402
STARLINK-3266
1 50195U 21125AR  26185.42233973  .00000164  00000+0  28403-4 0  9997
2 50195  53.1608  74.8928 0001029  94.6065 265.5044 15.08829369254351
STARLINK-3267
1 50197U 21125AT  26185.40762233 -.00002022  00000+0 -10902-3 0  9994
2 50197  53.1600  74.9593 0001140 129.7092 230.4000 15.08834867254406
STARLINK-3264
1 50198U 21125AU  26185.39289284  .00001080  00000+0  85952-4 0  9992
2 50198  53.1612  75.0236 0001283  91.2358 268.8781 15.08830755254359
STARLINK-3270
1 50199U 21125AV  26185.10953065  .00000453  00000+0  46527-4 0  9995
2 50199  53.1621  76.2968 0001297  88.6467 271.4673 15.08837971254303
STARLINK-3235
1 50200U 21125AW  26184.99913035  .00001385  00000+0  10512-3 0  9996
2 50200  53.1611  76.7573 0001441  95.6630 264.4526 15.08827314254302
STARLINK-3256
1 50202U 21125AY  26185.10584894  .00001237  00000+0  95819-4 0  9999
2 50202  53.1619  76.3135 0001540  91.8617 268.2551 15.08834268254301
STARLINK-3257
1 50203U 21125AZ  26185.40489630  .00000846  00000+0  71276-4 0  9991
2 50203  53.1629  75.0593 0001481  94.3765 265.7395 15.08838358254417
STARLINK-3254
1 50204U 21125BA  26185.11416937 -.00001167  00000+0 -55246-4 0  9998
2 50204  53.1611  76.2862 0001074  93.8345 266.2769 15.08841915254365
STARLINK-3260
1 50205U 21125BB  26185.31933203 -.00002632  00000+0 -14730-3 0  9991
2 50205  53.1621  45.3546 0001317  94.5860 265.5281 15.08841321254769
STARLINK-3323
1 50804U 22001B   26185.47016640  .00001165  00000+0  91242-4 0  9996
2 50804  53.1610 354.6770 0001174  89.9386 270.1740 15.08840818248179
STARLINK-3333
1 50805U 22001C   26185.46648798  .00000815  00000+0  69302-4 0  9994
2 50805  53.1615 354.6932 0001142  86.4521 273.6601 15.08839669248179
STARLINK-3335
1 50806U 22001D   26185.46280986  .00001083  00000+0  86136-4 0  9998
2 50806  53.1620 354.7099 0001146  88.2446 271.8677 15.08837362248172
STARLINK-3338
1 50812U 22001K   26184.75626032 -.00003617  00000+0 -20936-3 0  9994
2 50812  53.1624 357.9894 0000824  93.3582 266.7503 15.08829947248060
STARLINK-3324
1 50814U 22001M   26185.48765350  .00001107  00000+0  87664-4 0  9996
2 50814  53.1620   4.5998 0001234  86.0456 274.0677 15.08833592248046
STARLINK-3234
1 50815U 22001N   26185.23373890  .00000515  00000+0  50487-4 0  9999
2 50815  53.1623   5.7407 0001227  85.8787 274.2345 15.08823742248000
STARLINK-3341
1 50817U 22001Q   26185.58335648  .00083800  00000+0  47920-2 0  9992
2 50817  53.1598   4.1345 0001779  80.7647  54.1819 15.11955334  5658
STARLINK-3336
1 50818U 22001R   26185.21166046  .00000206  00000+0  31041-4 0  9995
2 50818  53.1619   5.8389 0001653  85.1694 274.9487 15.08822215247996
STARLINK-3327
1 50819U 22001S   26185.58335648  .00993459  00000+0  53151-1 0  9996
2 50819  53.1597   4.1416 0001862  93.0551 100.9897 15.12034247  5740
STARLINK-3339
1 50820U 22001T   26185.20061363  .00000654  00000+0  59158-4 0  9999
2 50820  53.1610   5.8879 0001251  86.9894 273.1240 15.08832163247990
STARLINK-3346
1 50821U 22001U   26185.50603588  .00001245  00000+0  96308-4 0  9999
2 50821  53.1625   4.3991 0001314  90.7488 269.3655 15.08842133248040
STARLINK-3343
1 50822U 22001V   26185.52444778  .00001394  00000+0  10570-3 0  9997
2 50822  53.1599   4.4319 0001283  96.3267 263.7871 15.08834120248043
STARLINK-3334
1 50823U 22001W   26183.83478993  .00061757  00000+0  38128-2 0  9993
2 50823  53.1613  12.0225 0002017 107.1269 252.9944 15.09332747247792
STARLINK-3332
1 50825U 22001Y   26185.52812823  .00001118  00000+0  88332-4 0  9996
2 50825  53.1623   4.4159 0001244  93.9928 266.1205 15.08835138248048
STARLINK-3329
1 50827U 22001AA  26185.20673495  .00098031  00000+0  59464-2 0  9995
2 50827  53.1611   5.8481 0001140 114.4859 245.6252 15.09727948247994
STARLINK-3290
1 50828U 22001AB  26185.52539187  .00000926  00000+0  76247-4 0  9996
2 50828  53.1606   4.3190 0001081  84.0022 276.1092 15.08835619247892
STARLINK-3294
1 50829U 22001AC  26185.58335648  .00873003  00000+0  44243-1 0  9991
2 50829  53.1598   4.0919 0001495 117.9992 121.5223 15.13890668  5803
STARLINK-3299
1 50831U 22001AE  26184.78109556 -.00002317  00000+0 -12752-3 0  9998
2 50831  53.1627   7.8427 0001542  92.4913 267.6255 15.08846592247937
STARLINK-3328
1 50832U 22001AF  26185.55909229  .00027743  00000+0  17191-2 0  9999
2 50832  53.1734  14.2991 0000637 120.8679 239.2376 15.09582718247919
STARLINK-3310
1 50835U 22001AJ  26185.23451811  .00027843  00000+0  16531-2 0  9994
2 50835  53.2159  15.4840 0001202 110.9326 249.1796 15.11136980247867
STARLINK-3318
1 50837U 22001AL  26185.58335648  .01094805  00000+0  59093-1 0  9995
2 50837  53.1607   4.1497 0000902  63.9996 324.4391 15.11436587  5816
STARLINK-3366
1 51104U 22005A   26185.24644092  .00038902  00000+0  23809-2 0  9998
2 51104  53.1914 125.6815 0001391  97.8068 262.3082 15.09868167246473
STARLINK-3350
1 51105U 22005B   26185.56124967  .00002406  00000+0  16918-3 0  9992
2 51105  53.1613 124.2659 0001321  88.0772 272.0370 15.08851454246522
STARLINK-3176
1 51106U 22005C   26185.53917851 -.00001289  00000+0 -62938-4 0  9996
2 51106  53.1599 124.3609 0001509  85.6174 274.4990 15.08824179246516
STARLINK-3362
1 51108U 22005E   26185.55756442  .00001580  00000+0  11730-3 0  9992
2 51108  53.1605 124.2809 0001412  94.2811 265.8342 15.08844197246522
STARLINK-3358
1 51109U 22005F   26185.24476432  .00000252  00000+0  33945-4 0  9995
2 51109  53.1600 125.6383 0001268  90.5231 269.5905 15.08832544246242
STARLINK-3344
1 51110U 22005G   26185.54652165 -.00002166  00000+0 -11794-3 0  9994
2 51110  53.1608 124.3094 0001531  91.4166 268.7001 15.08855958246520
STARLINK-3173
1 51111U 22005H   26185.52446262  .00003672  00000+0  24875-3 0  9997
2 51111  53.1595 124.4303 0001965  85.6439 274.4777 15.08828407246511
STARLINK-3374
1 51112U 22005J   26185.21260936  .00000425  00000+0  44824-4 0  9996
2 51112  53.1614 125.8065 0001494  96.3632 263.7530 15.08831243246470
STARLINK-3372
1 51113U 22005K   26185.53549541  .00004362  00000+0  29210-3 0  9999
2 51113  53.1603 124.3786 0001188  73.9906 286.1216 15.08825655246513
STARLINK-3375
1 51114U 22005L   26185.55388511  .00001268  00000+0  97743-4 0  9999
2 51114  53.1610 124.2987 0001532  88.8618 271.2549 15.08845055246523
STARLINK-3397
1 51115U 22005M   26185.52813017  .00000959  00000+0  78369-4 0  9990
2 51115  53.1590 124.4103 0001332  83.2198 276.8945 15.08833453246512
STARLINK-3243
1 51116U 22005N   26185.54012602  .00000736  00000+0  64316-4 0  9994
2 51116  53.1615 124.3332 0001450  89.0722 271.0435 15.08834620246510
STARLINK-3391
1 51117U 22005P   26185.56859253  .00001449  00000+0  10909-3 0  9998
2 51117  53.1599 124.1206 0001344  85.5362 274.5783 15.08840523246527
STARLINK-3394
1 51118U 22005Q   26185.53183630 -.00001671  00000+0 -86944-4 0  9997
2 51118  53.1608 124.3950 0001942  90.1782 269.9432 15.08814389246518
STARLINK-3398
1 51120U 22005S   26185.56956363  .00002013  00000+0  14452-3 0  9997
2 51120  53.1603 124.2381 0001589  89.3661 270.7513 15.08843377246526
STARLINK-3399
1 51121U 22005T   26185.12061030  .00000187  00000+0  29822-4 0  9996
2 51121  53.1579 126.2536 0001443  91.4474 268.6683 15.08832785246455
STARLINK-3392
1 51123U 22005V   26185.56492624  .00001464  00000+0  11006-3 0  9996
2 51123  53.1616 124.2487 0001378  88.2520 271.8630 15.08841427246524
STARLINK-3389
1 51124U 22005W   26185.27697288 -.00000153  00000+0  85018-5 0  9999
2 51124  53.1579 135.5408 0001542  91.9106 268.2062 15.08838663246342
STARLINK-3400
1 51128U 22005AA  26185.58241244  .00005488  00000+0  36271-3 0  9994
2 51128  53.1591 134.1708 0000998  82.1680 277.9425 15.08831413246370
STARLINK-3396
1 51129U 22005AB  26185.27792726 -.00001362  00000+0 -67518-4 0  9995
2 51129  53.1604 135.5362 0001440  82.6556 277.4599 15.08838688246331
STARLINK-3395
1 51130U 22005AC  26185.59345349 -.00000128  00000+0  10039-4 0  9991
2 51130  53.1608 134.1193 0001221  98.0785 262.0345 15.08836133246372
STARLINK-3393
1 51132U 22005AE  26185.58977065  .00000639  00000+0  58227-4 0  9995
2 51132  53.1604 134.1369 0001485  83.4514 276.6647 15.08836963246372
STARLINK-3177
1 51138U 22005AL  26185.56494556  .00046166  00000+0  28372-2 0  9999
2 51138  53.1714 134.2160 0001522  86.6932 273.4234 15.09637732246372
STARLINK-3359
1 51148U 22005AW  26185.59279652  .00056054  00000+0  30223-2 0  9996
2 51148  53.2134 142.2404 0002438  75.3606 284.7659 15.14261423246271
STARLINK-3181
1 51461U 22010F   26185.08745090 -.00000278  00000+0  66099-6 0  9990
2 51461  53.1614 116.3941 0001611  95.6377 264.4798 15.08836556244399
STARLINK-3189
1 51464U 22010J   26185.54010257  .00002103  00000+0  15026-3 0  9993
2 51464  53.1584 114.3585 0002354 104.9701 255.1551 15.08826872244967
STARLINK-3401
1 51465U 22010K   26185.53640946  .00001305  00000+0  10006-3 0  9993
2 51465  53.1612 114.3778 0001438  84.9370 275.1786 15.08839004244968
STARLINK-3178
1 51467U 22010M   26185.51801152  .00002136  00000+0  15228-3 0  9995
2 51467  53.1593 114.4589 0001339  92.9572 267.1573 15.08835735244155
STARLINK-3174
1 51468U 22010N   26185.52536274  .00000975  00000+0  79362-4 0  9996
2 51468  53.1604 114.3900 0001393  89.5704 270.5447 15.08840258244158
STARLINK-3182
1 51469U 22010P   26185.54376646  .00001027  00000+0  82604-4 0  9996
2 51469  53.1608 114.3437 0001531  97.2740 262.8425 15.08839356244469
STARLINK-3415
1 51472U 22010S   26184.79032544  .00000080  00000+0  23141-4 0  9991
2 51472  53.1613 117.6636 0001556  95.8756 264.2413 15.08829578244350
STARLINK-3528
1 51714U 22016A   26185.32668978  .00000178  00000+0  29283-4 0  9993
2 51714  53.1600 165.2973 0001272  62.7777 297.3344 15.08829322241038
STARLINK-3543
1 51716U 22016C   26185.32573618  .00000393  00000+0  42770-4 0  9996
2 51716  53.1596 165.3217 0001046  57.0607 303.0485 15.08821434241031
STARLINK-3540
1 51719U 22016F   26185.32206515  .00000296  00000+0  36701-4 0  9997
2 51719  53.1605 165.4152 0001323  81.5565 278.5577 15.08831556241031
STARLINK-3535
1 51722U 22016J   26185.36252967  .00000090  00000+0  23732-4 0  9999
2 51722  53.1608 165.1554 0001151  46.7986 313.3101 15.08836590241034
STARLINK-3529
1 51724U 22016L   26185.35517027  .00000038  00000+0  20469-4 0  9997
2 51724  53.1598 165.1883 0001247  75.2307 284.8823 15.08836202241032
STARLINK-3522
1 51725U 22016M   26185.63117174 -.00000733  00000+0 -27995-4 0  9993
2 51725  53.1612 163.9473 0001207  83.9245 276.1884 15.08833634241075
STARLINK-3527
1 51726U 22016N   26185.60631413  .00042500  00000+0  24296-2 0  9993
2 51726  53.2146 152.9842 0002244  45.6670 314.4508 15.12297431241237
STARLINK-3532
1 51727U 22016P   26185.35884842  .00000131  00000+0  26334-4 0  9993
2 51727  53.1603 165.1714 0001258  85.2640 274.8495 15.08837624241031
STARLINK-3622
1 51768U 22017A   26185.58335648  .01136470  00000+0  60400-1 0  9995
2 51768  53.1596 174.1416 0001117 104.0152 172.4920 15.11884829  5642
STARLINK-3621
1 51769U 22017B   26185.36180697  .00010690  00000+0  66644-3 0  9996
2 51769  53.2148 175.0114 0001732  52.7356 307.3795 15.10050587240229
STARLINK-3612
1 51770U 22017C   26185.26550730  .00045816  00000+0  28496-2 0  9996
2 51770  53.1592 175.5866 0001363  80.6224 279.4921 15.09203591240218
STARLINK-3614
1 51771U 22017D   26185.58335648  .01038796  00000+0  55503-1 0  9999
2 51771  53.1604 174.1248 0000913  74.4461 265.6824 15.11956624  5747
STARLINK-3623
1 51772U 22017E   26185.38368792  .00000349  00000+0  40044-4 0  9993
2 51772  53.1596 175.0593 0001225  74.3686 285.7440 15.08836782240214
STARLINK-3624
1 51773U 22017F   26184.72084949  .00003748  00000+0  25079-3 0  9996
2 51773  53.1845 178.0361 0001324  59.5804 300.5319 15.09238265240129
STARLINK-3629
1 51774U 22017G   26185.37633098  .00000349  00000+0  40037-4 0  9990
2 51774  53.1596 175.0939 0001232  75.1042 285.0086 15.08836865240180
STARLINK-3608
1 51776U 22017J   26185.24017310 -.00000109  00000+0  11255-4 0  9996
2 51776  53.1590 175.7047 0001092  86.0889 274.0228 15.08834425240161
STARLINK-3625
1 51777U 22017K   26185.37711846  .00022061  00000+0  13934-2 0  9990
2 51777  53.1595 175.0594 0002558  85.0776 275.0508 15.09007573240214
STARLINK-3615
1 51778U 22017L   26185.38092785 -.00000488  00000+0 -12553-4 0  9995
2 51778  53.1601 164.9486 0001539  87.7201 272.3967 15.08825981240174
STARLINK-3611
1 51779U 22017M   26185.24065070  .00058512  00000+0  36183-2 0  9990
2 51779  53.1591 175.7469 0000801  64.0885 296.0190 15.09299334240169
STARLINK-3617
1 51780U 22017N   26185.58335648  .01095478  00000+0  58356-1 0  9998
2 51780  53.1591 174.1309 0001887  80.7584  76.6141 15.11915223  5749
STARLINK-3580
1 51781U 22017P   26185.58335648  .01141077  00000+0  61552-1 0  9998
2 51781  53.1592 174.0940 0001854  71.5580  70.4054 15.11337410  5650
STARLINK-3631
1 51790U 22017Y   26185.41327591  .00003876  00000+0  25736-3 0  9997
2 51790  53.2118 185.0111 0000903  37.2310 322.8745 15.09431876241595
STARLINK-3601
1 51804U 22017AN  26185.20429282  .00000290  00000+0  36293-4 0  9998
2 51804  53.1592 165.8685 0001193  76.0367 284.0757 15.08831741241746
STARLINK-3605
1 51805U 22017AP  26185.34045744  .00001358  00000+0  10343-3 0  9994
2 51805  53.1592 165.3330 0001555  48.2604 311.8520 15.08837594241857
STARLINK-3606
1 51807U 22017AR  26184.36065196 -.00000268  00000+0  12238-5 0  9997
2 51807  53.1592 179.6578 0001062  70.4216 289.6890 15.08830172241576
STARLINK-3609
1 51808U 22017AS  26185.58335648  .01093620  00000+0  59467-1 0  9990
2 51808  53.1591 174.1492 0001246 104.8356 148.0431 15.11172782  5805
STARLINK-3607
1 51809U 22017AT  26185.58335648  .01154689  00000+0  64003-1 0  9996
2 51809  53.1590 174.1161 0001799  92.0422 117.8141 15.10310493  5740
STARLINK-3613
1 51810U 22017AU  26184.25856251 -.00000089  00000+0  12489-4 0  9997
2 51810  53.1603 170.3404 0001481  68.8721 291.2428 15.08827858241524
STARLINK-3610
1 51812U 22017AW  26185.35148846  .00000664  00000+0  59814-4 0  9996
2 51812  53.1594 165.2063 0001263  80.3294 279.7841 15.08838686241690
STARLINK-3552
1 51813U 22017AX  26184.33949668  .00000273  00000+0  35236-4 0  9993
2 51813  53.1591 169.7847 0001166  76.6505 283.4617 15.08831088241548
STARLINK-3599
1 51814U 22017AY  26185.21165130  .00000492  00000+0  49010-4 0  9994
2 51814  53.1596 165.8357 0001252  85.1380 274.9754 15.08835395241675
STARLINK-3559
1 51860U 22022J   26185.44349136  .00000528  00000+0  51270-4 0  9997
2 51860  53.1597 204.7925 0001085  78.1700 281.9414 15.08836678240746
STARLINK-3562
1 51861U 22022K   26185.49501550 -.00000016  00000+0  17079-4 0  9995
2 51861  53.1583 204.5598 0001109  75.4802 284.6313 15.08831320240664
STARLINK-3508
1 51862U 22022L   26185.43981525  .00000215  00000+0  31628-4 0  9990
2 51862  53.1591 204.8096 0001052  77.7927 282.3182 15.08831611240796
STARLINK-3555
1 51863U 22022M   26185.35516105  .00064330  00000+0  40138-2 0  9992
2 51863  53.1580 205.1846 0001471  57.9945 302.1189 15.08926444240727
STARLINK-3548
1 51864U 22022N   26185.42510600  .00000947  00000+0  77644-4 0  9993
2 51864  53.1587 204.7965 0001113  84.8095 275.3023 15.08822106240784
STARLINK-3503
1 51865U 22022P   26185.34777072  .00005251  00000+0  34741-3 0  9996
2 51865  53.1599 205.2210 0000817  95.7243 264.3842 15.08875179240722
STARLINK-3553
1 51866U 22022Q   26185.34507194 -.00000054  00000+0  14724-4 0  9990
2 51866  53.1591 205.0886 0001014  82.5073 277.6034 15.08831337240725
STARLINK-3590
1 51867U 22022R   26185.47662496  .00000980  00000+0  79675-4 0  9995
2 51867  53.1596 204.6426 0001235  58.9372 301.1740 15.08837916240748
STARLINK-3578
1 51868U 22022S   26185.35149104  .00000462  00000+0  47127-4 0  9991
2 51868  53.1592 205.2051 0001147  76.7554 283.3565 15.08833992240722
STARLINK-3588
1 51869U 22022T   26185.33308902 -.00000114  00000+0  10903-4 0  9990
2 51869  53.1592 205.2886 0001188  77.2143 282.8981 15.08835690240727
STARLINK-3591
1 51870U 22022U   26185.34042884  .00001902  00000+0  13751-3 0  9995
2 51870  53.1589 205.2589 0000908  69.3451 290.7638 15.08849609240775
STARLINK-3567
1 51871U 22022V   26185.32941075  .00000145  00000+0  27177-4 0  9990
2 51871  53.1593 205.3043 0000868  74.0488 286.0599 15.08836100240838
STARLINK-3554
1 51872U 22022W   26185.46925038  .00000141  00000+0  26972-4 0  9995
2 51872  53.1588 204.6767 0000979  69.6167 290.4929 15.08836481240743
STARLINK-3574
1 51874U 22022Y   26185.45820891  .00000309  00000+0  37473-4 0  9991
2 51874  53.1590 204.7260 0001091  71.8317 288.2793 15.08838622240737
STARLINK-3585
1 51875U 22022Z   26185.43612489  .00000518  00000+0  50666-4 0  9993
2 51875  53.1588 204.7376 0001119  86.7603 273.3517 15.08831807240745
STARLINK-3583
1 51876U 22022AA  26185.45452997  .00000383  00000+0  42127-4 0  9995
2 51876  53.1594 204.7405 0001192  83.3581 276.7546 15.08838567240744
STARLINK-3575
1 51878U 22022AC  26185.31470518  .00001232  00000+0  95509-4 0  9997
2 51878  53.1589 205.3706 0000864  97.2404 262.8686 15.08833374240724
STARLINK-3566
1 51880U 22022AE  26185.31834175  .00001829  00000+0  13292-3 0  9993
2 51880  53.1587 205.0736 0001207  85.5966 274.5163 15.08847200240723
STARLINK-3565
1 51886U 22022AL  26185.41087076  .00027364  00000+0  16928-2 0  9990
2 51886  53.1752 194.9075 0001770  54.2444 305.8713 15.09648925240873
STARLINK-3579
1 51893U 22022AT  26185.30289415  .00027348  00000+0  16749-2 0  9990
2 51893  53.2139 195.4503 0002237  47.1894 312.9287 15.10017074240919
STARLINK-3649
1 51980U 22025AA  26185.51433572  .00000955  00000+0  78079-4 0  9999
2 51980  53.1588 234.4744 0001023  84.4937 275.6171 15.08828715238696
STARLINK-3635
1 51981U 22025AB  26185.52904740 -.00000164  00000+0  78043-5 0  9996
2 51981  53.1577 234.4062 0001118  89.5275 270.5845 15.08829599238697
STARLINK-3655
1 51983U 22025AD  26185.39289462  .00000776  00000+0  66839-4 0  9997
2 51983  53.1586 235.0255 0001031  80.3896 279.7212 15.08830247238671
STARLINK-3664
1 51984U 22025AE  26185.43066042  .00000156  00000+0  27902-4 0  9990
2 51984  53.1590 234.9347 0001072  83.3246 276.7868 15.08830742238689
STARLINK-3645
1 51986U 22025AG  26185.40023320  .00000142  00000+0  26983-4 0  9994
2 51986  53.1585 234.8322 0001111  90.9222 269.1896 15.08836875238689
STARLINK-3657
1 51990U 22025AL  26185.46097327  .00000449  00000+0  46317-4 0  9996
2 51990  53.1582 214.7120 0000781  76.4035 283.7044 15.08832769238963
STARLINK-3648
1 51993U 22025AP  26185.54008820  .00000589  00000+0  55120-4 0  9995
2 51993  53.1591 234.3571 0001056  74.8637 285.2472 15.08839498238700
STARLINK-3647
1 51994U 22025AQ  26185.38001476 -.00000201  00000+0  54831-5 0  9999
2 51994  53.1590 215.0754 0001138  79.8892 280.2227 15.08830029238533
STARLINK-3653
1 52000U 22025AW  26185.46464030  .00000784  00000+0  67379-4 0  9991
2 52000  53.1591 214.6080 0001166  87.0024 273.1101 15.08834627238551
STARLINK-3659
1 52001U 22025AX  26185.34417105  .00000220  00000+0  31895-4 0  9999
2 52001  53.1585 215.2486 0001103  86.0211 274.0906 15.08833358238531
STARLINK-3668
1 52002U 22025AY  26185.47569703  .00000911  00000+0  75339-4 0  9994
2 52002  53.1587 214.6849 0000877  86.2614 273.8477 15.08836262238555
STARLINK-3712
1 52090U 22029C   26185.58335648  .00067992  00000+0  39582-2 0  9996
2 52090  53.1589 284.1429 0001008  96.5980 214.8451 15.11419828  5746
STARLINK-3716
1 52092U 22029E   26185.00154025  .00037192  00000+0  23238-2 0  9993
2 52092  53.1600 286.7760 0000989  81.6159 278.4945 15.09134268238211
STARLINK-3714
1 52094U 22029G   26185.25864765  .00081737  00000+0  50003-2 0  9995
2 52094  53.1597 285.6138 0000990  72.5832 287.5268 15.09523330238259
STARLINK-3665
1 52098U 22029L   26185.25213655  .00000390  00000+0  42594-4 0  9999
2 52098  53.1603 285.6505 0001121  86.1998 273.9121 15.08831228238254
STARLINK-3703
1 52101U 22029P   26184.99082064  .00006874  00000+0  44904-3 0  9991
2 52101  53.1597 287.0188 0001122 109.5182 250.5931 15.08880841238200
STARLINK-3678
1 52121U 22029AK  26185.48213020  .00001204  00000+0  93763-4 0  9996
2 52121  53.1596 264.6188 0001233  81.8829 278.2303 15.08835465238555
STARLINK-3725
1 52123U 22029AM  26185.52356269  .00004520  00000+0  30195-3 0  9999
2 52123  53.1581 264.2538 0001213 102.5889 257.5238 15.08828700238574
STARLINK-3727
1 52125U 22029AP  26185.60356910  .00001259  00000+0  97163-4 0  9998
2 52125  53.1590 264.0704 0001185  91.8477 268.2650 15.08838025238589
STARLINK-3732
1 52126U 22029AQ  26185.61093262 -.00001125  00000+0 -52656-4 0  9990
2 52126  53.1589 264.0391 0000958  91.6745 268.4356 15.08823578238574
STARLINK-3715
1 52127U 22029AR  26185.59988753  .00001131  00000+0  89107-4 0  9992
2 52127  53.1592 264.0888 0000957  84.4539 275.6561 15.08838125238572
STARLINK-3661
1 52129U 22029AT  26185.52628788  .00000457  00000+0  46795-4 0  9992
2 52129  53.1592 264.4200 0001190  88.7535 271.3593 15.08840116238570
STARLINK-3718
1 52132U 22029AW  26185.59621068  .00000685  00000+0  61138-4 0  9998
2 52132  53.1591 264.1054 0001013  90.4289 269.6819 15.08835930238587
STARLINK-3707
1 52133U 22029AX  26185.51524761  .00000294  00000+0  36585-4 0  9997
2 52133  53.1600 264.4665 0001162  82.1126 277.9998 15.08838005238578
STARLINK-3721
1 52134U 22029AY  26185.51892679  .00002126  00000+0  15164-3 0  9999
2 52134  53.1597 264.4527 0001344  89.9796 270.1349 15.08835736238574
STARLINK-3720
1 52136U 22029BA  26185.51156806  .00001308  00000+0  10025-3 0  9998
2 52136  53.1585 264.4847 0000985  89.0507 271.0598 15.08830881238571
STARLINK-3733
1 52137U 22029BB  26185.23556778 -.00000061  00000+0  14223-4 0  9991
2 52137  53.1592 265.7261 0000967  73.2706 286.8392 15.08836919238530
STARLINK-3723
1 52138U 22029BC  26185.50789006  .00001096  00000+0  86933-4 0  9999
2 52138  53.1601 264.5031 0001016  88.9566 271.1542 15.08830890238577
STARLINK-3682
1 52140U 22029BE  26185.62932655  .00002077  00000+0  14855-3 0  9998
2 52140  53.1586 263.9553 0001085  84.8999 275.2117 15.08838110238593
STARLINK-3761
1 52262U 22041B   26185.62563896  .00001951  00000+0  14065-3 0  9997
2 52262  53.1575 303.9234 0001144  87.2753 272.8370 15.08835397232017
STARLINK-3786
1 52263U 22041C   26185.62935514 -.00000175  00000+0  71010-5 0  9991
2 52263  53.1628 303.9618 0001764 107.8717 252.2467 15.08814086232011
STARLINK-3739
1 52266U 22041F   26185.60081718  .00046245  00000+0  28153-2 0  9994
2 52266  53.2153 304.1337 0001204  26.9713 333.1342 15.09983225232019
STARLINK-3791
1 52269U 22041J   26185.60724304 -.00000962  00000+0 -42350-4 0  9997
2 52269  53.1576 304.0556 0001310  84.8880 275.2261 15.08840578232016
STARLINK-3804
1 52270U 22041K   26185.59989128  .00001734  00000+0  12699-3 0  9992
2 52270  53.1601 304.1176 0001125  92.5185 267.5935 15.08836933232016
STARLINK-3788
1 52271U 22041L   26185.60356649  .00001917  00000+0  13854-3 0  9998
2 52271  53.1612 304.0728 0001013  91.6692 268.4416 15.08836065232010
STARLINK-3784
1 52275U 22041Q   26185.59620879  .00001152  00000+0  90474-4 0  9994
2 52275  53.1614 304.1064 0001279  80.2403 279.8733 15.08833479232012
STARLINK-3778
1 52276U 22041R   26185.32021248  .00001427  00000+0  10773-3 0  9999
2 52276  53.1630 305.3464 0001558  81.9697 278.1472 15.08834790231974
STARLINK-3780
1 52278U 22041T   26184.78661034  .00001523  00000+0  11375-3 0  9999
2 52278  53.1601 307.7450 0000972  80.8449 279.2652 15.08830876231891
STARLINK-3779
1 52281U 22041W   26185.58612570  .00002141  00000+0  15257-3 0  9993
2 52281  53.1619 304.1522 0001309  86.6810 273.4331 15.08839379232018
STARLINK-3783
1 52282U 22041X   26185.58335648  .00062042  00000+0  35162-2 0  9994
2 52282  53.1588 294.1048 0001577  97.4079  39.0387 15.12431062  5645
STARLINK-3789
1 52283U 22041Y   26185.04789477  .00000992  00000+0  80420-4 0  9994
2 52283  53.1574 306.5702 0001128  86.6443 273.4677 15.08831008231931
STARLINK-3561
1 52284U 22041Z   26185.28319850  .00019157  00000+0  11317-2 0  9995
2 52284  53.1607 295.4217 0001286 273.4572  86.6274 15.11533576232100
STARLINK-3802
1 52286U 22041AB  26185.58335648  .00059749  00000+0  34674-2 0  9995
2 52286  53.1591 294.1423 0001642  86.2069 110.7431 15.11595970  5698
STARLINK-3776
1 52288U 22041AD  26185.58335648  .00080319  00000+0  46290-2 0  9991
2 52288  53.1588 294.1431 0001790 100.8417 116.0708 15.11695785  5690
STARLINK-3772
1 52290U 22041AF  26185.33522591  .00071107  00000+0  43052-2 0  9990
2 52290  53.1603 295.2615 0001311  21.6917 338.4130 15.09973868232117
STARLINK-3753
1 52292U 22041AH  26185.58335648  .00082040  00000+0  47218-2 0  9990
2 52292  53.1592 294.1393 0000785 114.1253 183.4610 15.11733736  5741
STARLINK-3771
1 52293U 22041AJ  26185.58335648  .00081214  00000+0  46828-2 0  9999
2 52293  53.1584 294.1507 0001606  95.9994 135.7622 15.11672776  5807
STARLINK-3777
1 52294U 22041AK  26185.58335648  .00080329  00000+0  46855-2 0  9996
2 52294  53.1594 294.1440 0000764 131.5911 183.6454 15.11262933  5743
STARLINK-3765
1 52295U 22041AL  26185.58335648  .00084241  00000+0  47384-2 0  9992
2 52295  53.1595 294.1096 0001061  96.6657 177.3602 15.12545649  5699
STARLINK-3766
1 52296U 22041AM  26185.58335648  .00081726  00000+0  46988-2 0  9997
2 52296  53.1596 294.1430 0000823  37.6833 338.8793 15.11773728  5706
STARLINK-3758
1 52297U 22041AN  26185.58335648  .00354710  00000+0  19889-1 0  9993
2 52297  53.1591 294.1390 0001107  75.9460 201.8668 15.11185939  5749
STARLINK-3760
1 52298U 22041AP  26185.01196488  .00001206  00000+0  93859-4 0  9990
2 52298  53.1599 296.3455 0001151  95.7543 264.3580 15.08835222232073
STARLINK-3769
1 52300U 22041AR  26185.58335648  .00041287  00000+0  23637-2 0  9997
2 52300  53.1591 294.1016 0000839  67.7044  30.4600 15.12258420  5702
STARLINK-3768
1 52301U 22041AS  26185.58335648  .00057000  00000+0  33159-2 0  9998
2 52301  53.1599 294.1250 0000466  20.9345 324.2952 15.11531100  5748
STARLINK-3742
1 52303U 22041AU  26185.58335648  .00077511  00000+0  45068-2 0  9991
2 52303  53.1593 294.1471 0001137  67.8379 347.2221 15.11396400  5759
STARLINK-3744
1 52304U 22041AV  26185.58335648  .00063916  00000+0  38441-2 0  9993
2 52304  53.1595 284.1436 0001950  89.6270  62.7239 15.10270214  5747
STARLINK-3724
1 52305U 22041AW  26185.58335648  .00080950  00000+0  45469-2 0  9999
2 52305  53.1594 294.2257 0001389  54.6857 353.1562 15.12617409  5704
STARLINK-3747
1 52306U 22041AX  26185.55279113  .00061311  00000+0  37541-2 0  9993
2 52306  53.1628 284.2874 0002598 304.2868  55.7878 15.09636859233508
STARLINK-3755
1 52307U 22041AY  26185.58335648  .00057511  00000+0  32902-2 0  9996
2 52307  53.1590 294.1186 0001581  59.4902  50.0780 15.12129141  5706
STARLINK-3750
1 52311U 22041BC  26185.54223873  .00055811  00000+0  34523-2 0  9995
2 52311  53.1633 284.3409 0000272   7.4197 352.6799 15.09311680233502
STARLINK-3752
1 52312U 22041BD  26185.63386740  .00094637  00000+0  57589-2 0  9995
2 52312  53.1599 283.8762 0001937  91.2182 268.9032 15.09631897233520
STARLINK-3749
1 52313U 22041BE  26185.57157882  .00074151  00000+0  45525-2 0  9998
2 52313  53.1595 284.2084 0000954 347.3288  12.7680 15.09444080233518
STARLINK-3889
1 52331U 22045A   26185.62748877 -.00000334  00000+0 -29006-5 0  9991
2 52331  53.1620  43.9724 0001199  79.7090 280.4037 15.08828940233292
STARLINK-3831
1 52332U 22045B   26185.30827040  .00002678  00000+0  18624-3 0  9990
2 52332  53.1612  45.4148 0001458  89.4563 270.6595 15.08851459233248
STARLINK-3880
1 52334U 22045D   26185.62380600  .00001512  00000+0  11311-3 0  9995
2 52334  53.1616  43.9877 0001433  90.5938 269.5218 15.08837227233288
STARLINK-3814
1 52335U 22045E   26185.02397141  .00000016  00000+0  19117-4 0  9999
2 52335  53.1609  46.6824 0001385  93.8124 266.3026 15.08835872233200
STARLINK-3797
1 52337U 22045G   26185.63116783  .00000532  00000+0  51503-4 0  9997
2 52337  53.1606  43.9528 0001180  86.3882 273.7245 15.08835025233295
STARLINK-3792
1 52339U 22045J   26185.30728832  .00000766  00000+0  66229-4 0  9997
2 52339  53.1620  45.0522 0001315  93.1201 266.9941 15.08833238233258
STARLINK-3843
1 52341U 22045L   26185.34044177 -.00000319  00000+0 -19252-5 0  9998
2 52341  53.1576  45.2113 0001433 102.1431 257.9721 15.08836981233250
STARLINK-3850
1 52342U 22045M   26185.30826320  .00001126  00000+0  88807-4 0  9999
2 52342  53.1611  35.5213 0001204  91.0648 269.0482 15.08837388233380
STARLINK-3849
1 52343U 22045N   26185.31102524  .00002473  00000+0  17344-3 0  9997
2 52343  53.1615  45.3941 0001328  93.4102 266.7041 15.08826824233254
STARLINK-3851
1 52344U 22045P   26185.56217814  .00001403  00000+0  10625-3 0  9991
2 52344  53.1613  34.3308 0001232  93.5941 266.5191 15.08832627233425
STARLINK-3852
1 52345U 22045Q   26185.58890550  .00000198  00000+0  30535-4 0  9991
2 52345  53.1602  34.3084 0001360  84.7812 275.3335 15.08836434233413
STARLINK-3812
1 52346U 22045R   26184.89337333  .00000158  00000+0  28047-4 0  9991
2 52346  53.1614  37.2811 0001467  91.9497 268.1663 15.08831010233323
STARLINK-3838
1 52352U 22045X   26185.00280654  .00000160  00000+0  28151-4 0  9994
2 52352  53.1596  36.7785 0001204  87.1190 272.9939 15.08838830233347
STARLINK-3877
1 52355U 22045AA  26185.60265100  .00000479  00000+0  48186-4 0  9995
2 52355  53.1620  34.0823 0001332  97.5497 262.5646 15.08830795233431
STARLINK-3837
1 52358U 22045AD  26185.57688945 -.00000074  00000+0  13432-4 0  9998
2 52358  53.1606  34.1990 0001290  81.0637 279.0501 15.08848276233437
STARLINK-3853
1 52359U 22045AE  26184.99640618 -.00000127  00000+0  10114-4 0  9992
2 52359  53.1624  36.8197 0001147  76.8232 283.2887 15.08835627233340
STARLINK-3820
1 52364U 22045AK  26185.55204227  .00002436  00000+0  17108-3 0  9996
2 52364  53.1605  24.2226 0001422  88.7623 271.3531 15.08836996233569
STARLINK-3874
1 52365U 22045AL  26185.57413009 -.00000007  00000+0  17650-4 0  9995
2 52365  53.1613  24.2092 0001297  90.7018 269.4122 15.08835479233560
STARLINK-3808
1 52366U 22045AM  26184.95957068  .00000401  00000+0  43322-4 0  9997
2 52366  53.1607  26.9723 0001413  91.9575 268.1578 15.08836629233474
STARLINK-3817
1 52367U 22045AN  26185.56308739  .00001634  00000+0  12073-3 0  9998
2 52367  53.1607  24.2596 0001242  95.6594 264.4539 15.08835691233560
STARLINK-3834
1 52368U 22045AP  26185.54469475  .00002325  00000+0  16413-3 0  9992
2 52368  53.1613  24.3430 0001356  86.1609 273.9538 15.08835899233557
STARLINK-3841
1 52369U 22045AQ  26185.55940794  .00001057  00000+0  84511-4 0  9998
2 52369  53.1606  24.2756 0001469  87.7887 272.3273 15.08836653233569
STARLINK-3827
1 52370U 22045AR  26185.55300795  .00001269  00000+0  97801-4 0  9992
2 52370  53.1608  24.3155 0001250  85.9718 274.1416 15.08837896233567
STARLINK-3805
1 52377U 22045AY  26185.54839635  .00001385  00000+0  10512-3 0  9990
2 52377  53.1621  24.5475 0001187  85.1442 274.9685 15.08838079233550
STARLINK-3806
1 52378U 22045AZ  26185.25397088  .00001078  00000+0  85850-4 0  9997
2 52378  53.1608  25.6495 0001341  95.1451 264.9694 15.08831837233524
STARLINK-3800
1 52379U 22045BA  26185.58748694  .00111166  00000+0  67069-2 0  9997
2 52379  53.1608  24.1355 0001278  45.6156 314.4940 15.09843678233572
STARLINK-3909
1 52452U 22049B   26185.50418350 -.00005707  00000+0 -34050-3 0  9998
2 52452  53.1591 264.3909 0001159  76.7023 283.4097 15.08866605229740
STARLINK-3872
1 52453U 22049C   26185.48581038  .00001403  00000+0  10619-3 0  9992
2 52453  53.1592 264.6004 0001231  98.4636 261.6495 15.08842967229748
STARLINK-3888
1 52454U 22049D   26185.62196712  .00001184  00000+0  92456-4 0  9996
2 52454  53.1591 263.9899 0001047  83.2329 276.8781 15.08836630229766
STARLINK-3890
1 52455U 22049E   26185.48308753  .00001028  00000+0  82654-4 0  9997
2 52455  53.1591 264.6139 0001244  90.2972 269.8162 15.08834982229744
STARLINK-3896
1 52456U 22049F   26185.61188838  .00000997  00000+0  80703-4 0  9990
2 52456  53.1593 264.0343 0001250  81.3626 278.7507 15.08836559229768
STARLINK-3899
1 52457U 22049G   26185.47477232  .00000448  00000+0  46241-4 0  9994
2 52457  53.1597 264.6405 0001089  90.0103 270.1013 15.08833522229748
STARLINK-3898
1 52458U 22049H   26185.20709074  .00000481  00000+0  48333-4 0  9999
2 52458  53.1587 265.8523 0001055  90.5710 269.5402 15.08833321229701
STARLINK-3856
1 52459U 22049J   26185.45729186  .00000280  00000+0  35678-4 0  9998
2 52459  53.1579 254.7291 0001030  87.5887 272.5222 15.08835286229870
STARLINK-3900
1 52461U 22049L   26185.45454298 -.00000412  00000+0 -77967-5 0  9997
2 52461  53.1582 244.7418 0001302  83.2268 276.8872 15.08827089230013
STARLINK-3903
1 52462U 22049M   26185.58336724  .00001963  00000+0  14142-3 0  9999
2 52462  53.1594 254.1731 0001256  81.8667 278.2467 15.08835536229891
STARLINK-3885
1 52463U 22049N   26185.45084304 -.00003706  00000+0 -21478-3 0  9999
2 52463  53.1585 244.7572 0000995  76.5541 283.5561 15.08853536230011
STARLINK-3904
1 52464U 22049P   26185.45360876 -.00000121  00000+0  10508-4 0  9991
2 52464  53.1585 254.7467 0000870  96.0036 264.1055 15.08838481229871
STARLINK-3863
1 52465U 22049Q   26185.57964887  .00000781  00000+0  67192-4 0  9999
2 52465  53.1589 244.1781 0001041  85.1609 274.9501 15.08832521230038
STARLINK-3873
1 52467U 22049S   26184.91634390 -.00001148  00000+0 -54084-4 0  9997
2 52467  53.1599 257.1615 0000995  89.1066 271.0040 15.08825524229791
STARLINK-3864
1 52468U 22049T   26185.49777011  .00002167  00000+0  15423-3 0  9993
2 52468  53.1588 254.5476 0001036  90.8554 269.2556 15.08834263229885
STARLINK-3828
1 52469U 22049U   26185.57137068  .00001675  00000+0  12332-3 0  9994
2 52469  53.1593 254.2234 0000845  84.4203 275.6885 15.08834067229897
STARLINK-3859
1 52470U 22049V   26185.49041239  .00001941  00000+0  14003-3 0  9994
2 52470  53.1584 254.5788 0001245  80.3965 279.7167 15.08836564229882
STARLINK-3881
1 52472U 22049X   26185.48673242  .00000865  00000+0  72459-4 0  9994
2 52472  53.1587 254.5947 0001120  71.0046 289.1067 15.08836459229880
STARLINK-3879
1 52473U 22049Y   26185.56034601 -.00000760  00000+0 -29666-4 0  9992
2 52473  53.1579 254.2627 0001232  79.3780 280.7350 15.08836395229896
STARLINK-3882
1 52475U 22049AA  26185.57507704  .00002241  00000+0  15888-3 0  9998
2 52475  53.1588 254.4212 0000819  91.9538 268.1547 15.08835437229895
STARLINK-3835
1 52476U 22049AB  26185.45919774 -.00000591  00000+0 -19035-4 0  9997
2 52476  53.1590 244.9606 0001379  89.7770 270.3379 15.08841068231253
STARLINK-3860
1 52477U 22049AC  26185.44348846  .00001252  00000+0  96743-4 0  9997
2 52477  53.1587 244.7909 0001096  86.7080 273.4037 15.08832977231255
STARLINK-3825
1 52478U 22049AD  26185.47937114  .00000192  00000+0  30159-4 0  9994
2 52478  53.1590 254.6281 0001182  87.9385 272.1742 15.08833840231125
STARLINK-3878
1 52479U 22049AE  26185.42877173  .00000540  00000+0  52009-4 0  9993
2 52479  53.1590 244.8574 0001135  85.7512 274.3609 15.08834161231255
STARLINK-3839
1 52480U 22049AF  26185.60816943 -.00000112  00000+0  11030-4 0  9998
2 52480  53.1581 254.0500 0001056  82.0123 278.0988 15.08834833229905
STARLINK-3813
1 52482U 22049AH  26185.55389226  .00000569  00000+0  53872-4 0  9998
2 52482  53.1593 244.2935 0001242  90.1428 269.9706 15.08833977230039
STARLINK-3875
1 52483U 22049AJ  26185.43245173  .00000809  00000+0  68945-4 0  9992
2 52483  53.1582 244.8400 0001059  91.0219 269.0894 15.08834112231251
STARLINK-3887
1 52484U 22049AK  26185.60448884  .00001419  00000+0  10728-3 0  9999
2 52484  53.1603 254.0670 0001442 103.9812 256.1340 15.08828879229901
STARLINK-3913
1 52485U 22049AL  26185.55755002  .00003524  00000+0  23925-3 0  9999
2 52485  53.1583 244.2787 0001245  84.5373 275.5760 15.08856669230031
STARLINK-3918
1 52486U 22049AM  26185.59712766  .00000457  00000+0  46804-4 0  9998
2 52486  53.1586 254.0988 0001117  85.9890 274.1229 15.08838297229900
STARLINK-3902
1 52487U 22049AN  26185.56862259  .00001158  00000+0  90817-4 0  9991
2 52487  53.1583 244.3343 0001058  73.2738 286.8370 15.08834237231270
STARLINK-3892
1 52488U 22049AP  26185.46096799  .00000183  00000+0  29610-4 0  9999
2 52488  53.1590 254.7131 0001010  84.8207 275.2899 15.08838166229883
STARLINK-3923
1 52489U 22049AQ  26185.46832847  .00000239  00000+0  33125-4 0  9990
2 52489  53.1585 254.6794 0001066  82.0552 278.0561 15.08836501229884
STARLINK-3914
1 52490U 22049AR  26185.54285298  .00003580  00000+0  24301-3 0  9990
2 52490  53.1591 244.3456 0001136  87.7009 272.4113 15.08819903230038
STARLINK-3908
1 52491U 22049AS  26185.15277585  .00000389  00000+0  42527-4 0  9993
2 52491  53.1592 246.0989 0000910  74.7363 285.3729 15.08829730229974
STARLINK-3916
1 52492U 22049AT  26185.46925619  .00000384  00000+0  42214-4 0  9994
2 52492  53.1601 244.6780 0001191  89.8770 270.2358 15.08830387230029
STARLINK-3883
1 52493U 22049AU  26184.88413271  .00000027  00000+0  19778-4 0  9999
2 52493  53.1591 247.3053 0001148  92.8240 267.2883 15.08833060229937
STARLINK-3871
1 52496U 22049AX  26185.55987008  .00000297  00000+0  36756-4 0  9995
2 52496  53.1583 239.2683 0001184  84.3828 275.7299 15.08834958230101
STARLINK-3884
1 52497U 22049AY  26185.46557121  .00000222  00000+0  32063-4 0  9990
2 52497  53.1586 244.6912 0001108  84.8389 275.2729 15.08833816230029
STARLINK-3925
1 52498U 22049AZ  26185.50697027  .00001278  00000+0  98412-4 0  9998
2 52498  53.1596 234.5062 0001171  85.4502 274.6623 15.08833452230166
STARLINK-3866
1 52500U 22049BB  26185.43705210  .00000246  00000+0  33569-4 0  9994
2 52500  53.1587 234.8194 0000925  79.7660 280.3435 15.08831651230159
STARLINK-3907
1 52501U 22049BC  26185.57226286 -.00000177  00000+0  69633-5 0  9997
2 52501  53.1590 244.0097 0001142  76.7795 283.3324 15.08826852230042
STARLINK-3912
1 52502U 22049BD  26185.43337751  .00000081  00000+0  23207-4 0  9992
2 52502  53.1594 234.8667 0001141  86.8109 273.3013 15.08828451230150
STARLINK-3861
1 52503U 22049BE  26185.55479845 -.00001161  00000+0 -54852-4 0  9999
2 52503  53.1591 234.1722 0001140  77.9813 282.1307 15.08839682230179
STARLINK-3958
1 52535U 22051C   26185.58335648  .00051240  00000+0  28706-2 0  9990
2 52535  53.1605 324.1069 0001604  84.9426  85.5163 15.12936012  5745
STARLINK-3964
1 52536U 22051D   26185.58335648  .00055824  00000+0  30785-2 0  9993
2 52536  53.1606 324.1037 0001721  78.5245 113.3449 15.13459960  5649
STARLINK-3897
1 52537U 22051E   26185.58335648  .00048384  00000+0  28933-2 0  9999
2 52537  53.1602 323.9547 0001514  78.2078 210.7608 15.10611054  4885
STARLINK-3757
1 52539U 22051G   26185.58335648  .00053347  00000+0  30032-2 0  9999
2 52539  53.1603 324.1149 0001396  83.5924 142.2996 15.12742752  5642
STARLINK-3940
1 52540U 22051H   26185.58335648  .00047024  00000+0  27046-2 0  9997
2 52540  53.1606 324.1398 0001744  95.2269 197.6479 15.12031919  5749
STARLINK-3926
1 52543U 22051L   26185.58335648  .00052823  00000+0  30214-2 0  9994
2 52543  53.1607 324.0967 0001123  76.7126 197.7673 15.12177004  4945
STARLINK-3944
1 52544U 22051M   26185.42647705 -.00000163  00000+0  78607-5 0  9990
2 52544  53.1624 329.8774 0001453  89.0368 271.0790 15.08843422228993
STARLINK-3935
1 52549U 22051S   26185.58335648  .00051801  00000+0  29692-2 0  9993
2 52549  53.1597 324.1148 0001066 101.3363 245.9752 15.12109634  4785
STARLINK-3965
1 52550U 22051T   26185.58335648  .00064370  00000+0  36362-2 0  9992
2 52550  53.1596 324.1275 0001142  47.2474 353.8456 15.12531191  5703
STARLINK-3969
1 52551U 22051U   26185.58335648  .00553081  00000+0  29921-1 0  9997
2 52551  53.1599 324.1358 0001310  77.4904 279.3483 15.11882352  4932
STARLINK-3770
1 52554U 22051X   26184.69414530  .00002033  00000+0  14574-3 0  9995
2 52554  53.1612 333.1623 0001104  93.4514 266.6604 15.08841498228880
STARLINK-3943
1 52557U 22051AA  26185.10125701  .00004025  00000+0  27097-3 0  9991
2 52557  53.1618 326.3315 0000940  83.1376 276.9722 15.08820142229025
STARLINK-3953
1 52559U 22051AC  26185.64314111  .00003362  00000+0  22922-3 0  9992
2 52559  53.1580 314.0764 0001145  84.7260 275.3862 15.08839201229231
STARLINK-3956
1 52560U 22051AD  26185.62839966  .00002196  00000+0  15599-3 0  9998
2 52560  53.1598 313.9610 0001593  85.1941 274.9233 15.08847434229232
STARLINK-3959
1 52564U 22051AH  26185.40905175  .00020823  00000+0  13258-2 0  9990
2 52564  53.1606 329.9564 0001192 114.7058 245.4058 15.08747897228996
STARLINK-3911
1 52565U 22051AJ  26185.62472186  .00001802  00000+0  13125-3 0  9996
2 52565  53.1602 313.9809 0001094  90.6280 269.4836 15.08845788229234
STARLINK-3932
1 52576U 22051AS  26185.65880925 -.00000541  00000+0 -15915-4 0  9996
2 52576  53.1628 313.8234 0001208  80.8751 279.2377 15.08830675229245
STARLINK-3919
1 52580U 22051AW  26185.11094877 -.00002501  00000+0 -13904-3 0  9998
2 52580  53.1627 331.2980 0001366  82.3702 277.7444 15.08845683228959
STARLINK-3915
1 52581U 22051AX  26185.65416474  .00002049  00000+0  14675-3 0  9990
2 52581  53.1605 313.8450 0001253  91.3648 268.7487 15.08842782229245
STARLINK-3895
1 52583U 22051AZ  26185.65048443  .00002158  00000+0  15364-3 0  9996
2 52583  53.1608 313.8621 0001125  76.3639 283.7477 15.08839641229247
STARLINK-3922
1 52584U 22051BA  26185.65784608  .00002462  00000+0  17271-3 0  9994
2 52584  53.1604 313.8282 0001208  93.5415 266.5715 15.08840819229245
STARLINK-3906
1 52585U 22051BB  26185.63943761  .00001213  00000+0  94294-4 0  9994
2 52585  53.1593 313.8704 0001139  94.0680 266.0442 15.08847035229244
STARLINK-3910
1 52586U 22051BC  26185.64680696  .00001259  00000+0  97198-4 0  9997
2 52586  53.1599 313.8783 0001260  82.8385 277.2750 15.08837345229249
STARLINK-3917
1 52588U 22051BE  26185.37080618  .00000188  00000+0  29913-4 0  9997
2 52588  53.1597 315.1173 0001365  96.2804 263.8343 15.08844622229209
STARLINK-4027
1 52601U 22052D   26185.51432839  .00002138  00000+0  15237-3 0  9996
2 52601  53.1613 114.4745 0001425  96.3415 263.7739 15.08836425229294
STARLINK-4012
1 52602U 22052E   26185.51064945  .00001710  00000+0  12550-3 0  9996
2 52602  53.1605 114.4919 0001366  95.3827 264.7321 15.08835480229297
STARLINK-4013
1 52604U 22052G   26185.50329334 -.00000932  00000+0 -40469-4 0  9991
2 52604  53.1607 114.5251 0001437  94.5645 265.5511 15.08822836228491
STARLINK-3928
1 52606U 22052J   26185.49961453  .00000526  00000+0  51132-4 0  9991
2 52606  53.1598 114.5409 0001782  89.4747 270.6449 15.08843024228495
STARLINK-3947
1 52607U 22052K   26185.53139429  .00001356  00000+0  10330-3 0  9993
2 52607  53.1603 119.4080 0001575  87.8536 272.2636 15.08831622228419
STARLINK-3979
1 52608U 22052L   26185.49224717  .00000695  00000+0  61755-4 0  9997
2 52608  53.1604 114.5758 0001484  93.8409 266.2752 15.08837921228492
STARLINK-3997
1 52609U 22052M   26184.81880603  .00000736  00000+0  64346-4 0  9990
2 52609  53.1597 117.5540 0001501  85.0991 275.0172 15.08837217228396
STARLINK-4002
1 52612U 22052Q   26185.22361341 -.00000303  00000+0 -90838-6 0  9992
2 52612  53.1607 115.7823 0001620  93.8513 266.2664 15.08832633228457
STARLINK-3996
1 52617U 22052V   26185.19509131  .00000367  00000+0  41137-4 0  9998
2 52617  53.1599 105.9106 0001544 107.6843 252.4317 15.08844572228572
STARLINK-3983
1 52618U 22052W   26185.58335648  .00104405  00000+0  61061-2 0  9996
2 52618  53.1602 104.1403 0001396  79.0335 224.5543 15.11013873  4931
STARLINK-3984
1 52621U 22052Z   26185.58335648  .00103906  00000+0  57771-2 0  9998
2 52621  53.1595 104.0796 0001792  83.3887 331.2751 15.12838467  4886
STARLINK-3986
1 52623U 22052AB  26185.58335648  .00105077  00000+0  60660-2 0  9992
2 52623  53.1596 104.1348 0001104  71.8664 334.4216 15.11479863  4897
STARLINK-3988
1 52625U 22052AD  26185.58335648  .00106432  00000+0  60341-2 0  9996
2 52625  53.1591 104.1074 0001161  83.9299 357.1226 15.12123296  5702
STARLINK-3990
1 52626U 22052AE  26185.58335648  .00127846  00000+0  71233-2 0  9991
2 52626  53.1601 104.1250 0000908  82.0206 288.7448 15.12622551  5799
STARLINK-3992
1 52627U 22052AF  26185.49684396  .00002683  00000+0  18657-3 0  9992
2 52627  53.1611 104.5565 0001185  94.4982 265.6145 15.08840380228635
STARLINK-4022
1 52629U 22052AH  26185.48949716  .00001443  00000+0  10873-3 0  9998
2 52629  53.1604 104.5499 0001123  98.0036 262.1083 15.08838359228622
STARLINK-3995
1 52632U 22052AL  26185.16933238  .00000530  00000+0  51375-4 0  9998
2 52632  53.1628 106.0282 0001490  91.1767 268.9395 15.08835273228588
STARLINK-3994
1 52633U 22052AM  26185.47845080  .00000980  00000+0  79657-4 0  9992
2 52633  53.1593 104.6354 0001402  90.1809 269.9343 15.08835834228636
STARLINK-3974
1 52634U 22052AN  26185.58335648  .00095482  00000+0  56747-2 0  9993
2 52634  53.1591 104.1771 0001291  82.3189  57.0389 15.10485983  5754
STARLINK-3967
1 52636U 22052AQ  26185.48440828  .00066229  00000+0  40422-2 0  9991
2 52636  53.1613 104.5946 0001641  92.8953 267.2226 15.09717801228626
STARLINK-3968
1 52639U 22052AT  26185.44624977  .00001132  00000+0  89218-4 0  9999
2 52639  53.1609  94.7808 0001410  92.5381 267.5772 15.08834347229564
STARLINK-3977
1 52640U 22052AU  26185.58335648  .00114338  00000+0  64980-2 0  9990
2 52640  53.1594  94.1407 0001601 108.1856 205.8199 15.11989682  4949
STARLINK-3971
1 52642U 22052AW  26185.58335648  .00117113  00000+0  67753-2 0  9997
2 52642  53.1592  94.1402 0001000  95.9983 262.8570 15.11330955  4939
STARLINK-3985
1 52644U 22052AY  26185.58335648  .00110676  00000+0  64079-2 0  9994
2 52644  53.1598  94.1251 0001507 104.8969 282.2934 15.11340512  5756
STARLINK-3854
1 52648U 22052BC  26185.58335648  .00116765  00000+0  65303-2 0  9994
2 52648  53.1601  94.1193 0001373  98.6381  10.3576 15.12552279  4947
STARLINK-3891
1 52650U 22052BE  26185.44350123  .00001306  00000+0  10013-3 0  9990
2 52650  53.1618  84.9032 0001441  89.6291 270.4866 15.08838744228907
STARLINK-4004
1 52656U 22053A   26185.47342320  .00000797  00000+0  68141-4 0  9999
2 52656  53.1602 349.6690 0001050  86.8858 273.2254 15.08837437228743
STARLINK-4082
1 52658U 22053C   26185.47614839  .00000307  00000+0  37382-4 0  9998
2 52658  53.1614 349.6493 0001102  93.0181 267.0937 15.08835662228866
STARLINK-3960
1 52659U 22053D   26185.47246211  .00000457  00000+0  46827-4 0  9994
2 52659  53.1609 349.6156 0001151  76.0472 284.0648 15.08834953228854
STARLINK-4044
1 52662U 22053G   26185.45774841  .00001136  00000+0  89478-4 0  9995
2 52662  53.1617 349.7304 0001169  90.7332 269.3794 15.08837836228671
STARLINK-4037
1 52663U 22053H   26185.18911481  .00001123  00000+0  88669-4 0  9996
2 52663  53.1612 350.9430 0001201  91.4730 268.6399 15.08831732228636
STARLINK-4070
1 52664U 22053J   26184.86527139 -.00000380  00000+0 -57602-5 0  9994
2 52664  53.1607 352.3916 0001094  91.4326 268.6790 15.08836492228584
STARLINK-4064
1 52665U 22053K   26185.17807347 -.00000534  00000+0 -15483-4 0  9993
2 52665  53.1620 350.9897 0000971  88.9594 271.1508 15.08840532228635
STARLINK-4079
1 52666U 22053L   26185.47978437  .00000579  00000+0  54502-4 0  9998
2 52666  53.1612 349.2473 0001139  91.6041 268.5081 15.08830708228688
STARLINK-4076
1 52667U 22053M   26185.43935336  .00001572  00000+0  11689-3 0  9998
2 52667  53.1614 349.8147 0001219  87.1391 272.9740 15.08831158228672
STARLINK-3972
1 52669U 22053P   26185.49456975 -.00001366  00000+0 -67799-4 0  9990
2 52669  53.1609 349.5661 0001293  90.2392 269.8748 15.08812381228674
STARLINK-4075
1 52670U 22053Q   26185.45040031  .00001087  00000+0  86369-4 0  9992
2 52670  53.1619 349.8327 0001192  92.7442 267.3686 15.08833379228674
STARLINK-4071
1 52671U 22053R   26185.15967170  .00001059  00000+0  84629-4 0  9998
2 52671  53.1616 351.0696 0000848  73.4783 286.6302 15.08832181228621
STARLINK-4073
1 52672U 22053S   26185.17070714 -.00002200  00000+0 -12016-3 0  9991
2 52672  53.1617 351.0227 0001228  93.5117 266.6015 15.08849326228628
STARLINK-3976
1 52673U 22053T   26185.48351204  .00001180  00000+0  92229-4 0  9991
2 52673  53.1607 349.6151 0001137  91.6405 268.4717 15.08831904228672
STARLINK-3934
1 52675U 22053V   26185.14955731  .00000529  00000+0  51354-4 0  9991
2 52675  53.1604 341.1171 0001220  89.2726 270.8405 15.08828454228758
STARLINK-4006
1 52676U 22053W   26185.48719163  .00000968  00000+0  78907-4 0  9996
2 52676  53.1608 349.5982 0001371  97.5576 262.5571 15.08834985228676
STARLINK-4074
1 52678U 22053Y   26185.42557517  .00002669  00000+0  18576-3 0  9990
2 52678  53.1617 339.9824 0001214  83.0697 277.0432 15.08825992228794
STARLINK-4031
1 52679U 22053Z   26184.73371057 -.00008865  00000+0 -53910-3 0  9994
2 52679  53.1618 342.9847 0001204 100.7957 259.3170 15.08871209228659
STARLINK-3774
1 52680U 22053AA  26185.45496303  .00001658  00000+0  12227-3 0  9995
2 52680  53.1601 339.5122 0001120  83.0610 277.0509 15.08832115228787
STARLINK-4068
1 52681U 22053AB  26185.45867217  .00004093  00000+0  27508-3 0  9996
2 52681  53.1619 339.7263 0001180  83.5203 276.5922 15.08838485228761
STARLINK-4017
1 52682U 22053AC  26185.40347202  .00001415  00000+0  10696-3 0  9994
2 52682  53.1605 339.9747 0000893  96.0767 264.0326 15.08831294228772
STARLINK-4014
1 52684U 22053AE  26185.39981128 -.00000062  00000+0  14176-4 0  9991
2 52684  53.1617 339.9909 0001323  89.1174 270.9969 15.08827433228758
STARLINK-4029
1 52685U 22053AF  26185.44395125  .00000501  00000+0  49607-4 0  9998
2 52685  53.1592 339.7919 0001537  86.6010 273.5158 15.08835769228747
STARLINK-4005
1 52686U 22053AG  26185.15053594 -.00003495  00000+0 -20151-3 0  9997
2 52686  53.1622 341.3926 0001253  93.4398 266.6737 15.08857870228708
STARLINK-3981
1 52687U 22053AH  26184.84411103  .00000879  00000+0  73318-4 0  9992
2 52687  53.1593 342.4881 0001220  87.6706 272.4425 15.08836153228654
STARLINK-4032
1 52688U 22053AJ  26185.17161425  .00000316  00000+0  37939-4 0  9994
2 52688  53.1615 340.9008 0001251  84.6463 275.4671 15.08838079228706
STARLINK-4035
1 52690U 22053AL  26185.44763007  .00001394  00000+0  10566-3 0  9994
2 52690  53.1621 339.7782 0001334  72.0435 288.0702 15.08830935228745
STARLINK-3993
1 52692U 22053AN  26185.41079872  .00000939  00000+0  77058-4 0  9997
2 52692  53.1616 339.6724 0001232  86.4049 273.7083 15.08836309228770
STARLINK-3946
1 52693U 22053AP  26185.41819217  .00001602  00000+0  11871-3 0  9991
2 52693  53.1623 339.9100 0001393  90.1510 269.9641 15.08839074228772
STARLINK-4041
1 52695U 22053AR  26185.47105663  .00002614  00000+0  18226-3 0  9997
2 52695  53.1614 344.4677 0001457 100.0476 260.0680 15.08845041228728
STARLINK-4018
1 52697U 22053AT  26185.43156640  .00001970  00000+0  14182-3 0  9997
2 52697  53.1623 344.8491 0001107  90.9110 269.2008 15.08839609228719
STARLINK-4030
1 52698U 22053AU  26185.17668966 -.00002065  00000+0 -11171-3 0  9991
2 52698  53.1618 345.9873 0001252  80.6289 279.4844 15.08831977228669
STARLINK-4034
1 52700U 22053AW  26185.46736234 -.00001116  00000+0 -52036-4 0  9993
2 52700  53.1604 344.3291 0001110  82.0093 278.1024 15.08845788228725
STARLINK-4033
1 52702U 22053AY  26185.43061667  .00001532  00000+0  11435-3 0  9990
2 52702  53.1613 344.8820 0001161  88.1246 271.9879 15.08834640228716
STARLINK-3999
1 52704U 22053BA  26185.58335648  .00048955  00000+0  27918-2 0  9993
2 52704  53.1596 329.1074 0001223  78.6822 204.6667 15.12318515  5745
STARLINK-4007
1 52707U 22053BD  26185.11757504  .00029999  00000+0  17714-2 0  9994
2 52707  53.2157 330.7235 0000836 134.8691 225.2370 15.11297618228967
STARLINK-4091
1 52830U 22062A   26185.49825627  .00000504  00000+0  49782-4 0  9997
2 52830  53.1589 229.7385 0001122  96.7972 263.3147 15.08830807223411
STARLINK-4089
1 52831U 22062B   26185.49090114 -.00002450  00000+0 -13595-3 0  9999
2 52831  53.1592 229.5788 0001219  91.6893 268.4238 15.08819551223414
STARLINK-4083
1 52832U 22062C   26185.42095478 -.00003450  00000+0 -19884-3 0  9999
2 52832  53.1587 229.8918 0001093  95.2129 264.8988 15.08830205223409
STARLINK-4086
1 52833U 22062D   26185.41726885  .00000316  00000+0  37954-4 0  9997
2 52833  53.1586 229.9075 0001104  81.1046 279.0071 15.08833935223403
STARLINK-4108
1 52834U 22062E   26185.40990708  .00000515  00000+0  50470-4 0  9993
2 52834  53.1588 229.9413 0001307  88.6657 271.4485 15.08836288223406
STARLINK-4080
1 52835U 22062F   26185.40622732  .00000305  00000+0  37245-4 0  9995
2 52835  53.1591 229.9590 0001335  87.0135 273.1009 15.08837585223404
STARLINK-4036
1 52837U 22062H   26185.39518900 -.00000085  00000+0  12759-4 0  9995
2 52837  53.1585 230.0090 0000911  84.9203 275.1893 15.08837105223409
STARLINK-4092
1 52838U 22062J   26185.39888188 -.00000802  00000+0 -32350-4 0  9991
2 52838  53.1595 229.9827 0000721  68.6800 291.4268 15.08822992223402
STARLINK-4048
1 52839U 22062K   26185.52031117  .00000396  00000+0  42956-4 0  9998
2 52839  53.1589 229.4465 0001063  87.0237 273.0877 15.08834082223425
STARLINK-4065
1 52841U 22062M   26185.50927209  .00000510  00000+0  50105-4 0  9998
2 52841  53.1584 229.4950 0001220  86.8862 273.2269 15.08845759223428
STARLINK-4046
1 52842U 22062N   26185.39149866 -.00000273  00000+0  94479-6 0  9992
2 52842  53.1585 229.9483 0000835  83.3620 276.7466 15.08835375223409
STARLINK-4188
1 52843U 22062P   26185.50191428  .00000693  00000+0  61669-4 0  9995
2 52843  53.1583 229.5284 0001173  87.7013 272.4113 15.08831699223422
STARLINK-4208
1 52844U 22062Q   26185.38415262  .00000407  00000+0  43644-4 0  9993
2 52844  53.1580 230.0581 0000642  76.5133 283.5930 15.08835041223409
STARLINK-4168
1 52845U 22062R   26185.50559851 -.00001279  00000+0 -62263-4 0  9999
2 52845  53.1588 229.5794 0001155  87.9111 272.2012 15.08834729223429
STARLINK-4212
1 52846U 22062S   26185.50655325 -.00002541  00000+0 -14161-3 0  9999
2 52846  53.1586 229.5176 0001278  78.8834 281.2301 15.08838448223422
STARLINK-4206
1 52847U 22062T   26185.49455378  .00000508  00000+0  50006-4 0  9992
2 52847  53.1582 229.5601 0001095  86.7254 273.3863 15.08831337223428
STARLINK-4202
1 52848U 22062U   26185.38047357  .00000342  00000+0  39605-4 0  9993
2 52848  53.1584 230.0739 0001043  86.4817 273.6293 15.08835028223404
STARLINK-4197
1 52849U 22062V   26185.35563461  .00000102  00000+0  24487-4 0  9996
2 52849  53.1590 220.1872 0000980  70.9148 289.1950 15.08832796223539
STARLINK-4187
1 52850U 22062W   26185.53235483  .00001112  00000+0  88023-4 0  9996
2 52850  53.1592 229.7492 0001533  81.8081 278.3084 15.08822505223421
STARLINK-4184
1 52852U 22062Y   26185.35931227 -.00000138  00000+0  94006-5 0  9994
2 52852  53.1587 220.1703 0001144  79.6704 280.4416 15.08834629223537
STARLINK-4204
1 52854U 22062AA  26185.48075555 -.00000135  00000+0  96346-5 0  9999
2 52854  53.1581 219.6223 0001257  75.0371 285.0760 15.08840795223554
STARLINK-4201
1 52856U 22062AC  26185.47803849  .00000826  00000+0  70002-4 0  9991
2 52856  53.1596 219.6845 0001030  83.2681 276.8427 15.08831981223551
STARLINK-4199
1 52857U 22062AD  26185.39611505  .00000115  00000+0  25313-4 0  9995
2 52857  53.1584 220.0044 0001053  83.0756 277.0355 15.08829299223543
STARLINK-4198
1 52858U 22062AE  26185.47339935  .00000444  00000+0  45984-4 0  9990
2 52858  53.1587 219.6851 0001069  84.2878 275.8235 15.08834301223556
STARLINK-4196
1 52859U 22062AF  26185.39243157 -.00000077  00000+0  13251-4 0  9997
2 52859  53.1589 220.0196 0000979  75.1932 284.9168 15.08832822223547
STARLINK-4191
1 52860U 22062AG  26185.46603029  .00000614  00000+0  56688-4 0  9992
2 52860  53.1587 219.6886 0001086  64.9284 295.1820 15.08829768223558
STARLINK-4270
1 52863U 22062AK  26185.36003129  .00000743  00000+0  62209-4 0  9998
2 52863  53.1606 219.9578 0001160  73.0034 287.1086 15.10483255223545
STARLINK-4267
1 52864U 22062AL  26185.38507251 -.00000201  00000+0  54757-5 0  9996
2 52864  53.1590 220.0533 0001113  79.8579 280.2538 15.08833176223542
STARLINK-4274
1 52865U 22062AM  26185.50283463 -.00000331  00000+0 -26798-5 0  9996
2 52865  53.1589 219.5249 0001049  83.4133 276.6978 15.08832287223564
STARLINK-4272
1 52866U 22062AN  26185.51019222  .00000936  00000+0  76858-4 0  9998
2 52866  53.1587 219.4913 0001304  78.5647 281.5491 15.08848577223563
STARLINK-4261
1 52868U 22062AQ  26185.37403538 -.00001310  00000+0 -64223-4 0  9993
2 52868  53.1616 220.1317 0001530  81.9063 278.2102 15.08829233223544
STARLINK-4214
1 52877U 22062AZ  26185.58335648  .00086153  00000+0  46501-2 0  9995
2 52877  53.1586 209.1062 0001495  65.5572  20.7835 15.14007842  5752
STARLINK-4181
1 52882U 22062BE  26185.42679882  .00005253  00000+0  32116-3 0  9995
2 52882  53.1595 209.1767 0000918  77.1025 283.0070 15.11794759223700
STARLINK-4259
1 52987U 22076B   26185.58335648  .00063135  00000+0  35049-2 0  9992
2 52987  53.1594 299.0528 0000999  86.1495 249.9546 15.13163970  5746
STARLINK-4269
1 52992U 22076G   26185.58474340  .00000982  00000+0  79777-4 0  9990
2 52992  53.1579 299.1687 0001675  90.2855 269.8329 15.08841105220353
STARLINK-4253
1 53004U 22076U   26185.59207105  .00001368  00000+0  10406-3 0  9991
2 53004  53.1586 289.1232 0001199  95.8708 264.2421 15.08835842220498
STARLINK-4277
1 53009U 22076Z   26185.28754757 -.00002515  00000+0 -13992-3 0  9992
2 53009  53.1596 280.4913 0001235  75.4874 284.6254 15.08849699220588
STARLINK-4265
1 53011U 22076AB  26184.68772031  .00006595  00000+0  43263-3 0  9997
2 53011  53.1593 283.1861 0002030 109.5631 250.5580 15.08793113220497
STARLINK-4271
1 53012U 22076AC  26185.56263096  .00000192  00000+0  30140-4 0  9990
2 53012  53.1576 289.2571 0000780  69.0205 291.0870 15.08838695220498
STARLINK-4183
1 53014U 22076AE  26185.55619022  .00001287  00000+0  98940-4 0  9993
2 53014  53.1591 279.2834 0001105  90.9170 269.1948 15.08837253220620
STARLINK-4262
1 53015U 22076AF  26185.53409663  .00003571  00000+0  24226-3 0  9993
2 53015  53.1587 279.3829 0000771  71.8801 288.2274 15.08846589220624
STARLINK-4282
1 53019U 22076AK  26185.54334896  .00000330  00000+0  39527-4 0  9994
2 53019  53.1602 279.5827 0001093  83.3965 276.7150 15.08018814220620
STARLINK-4287
1 53020U 22076AL  26185.53778746  .00002378  00000+0  16747-3 0  9993
2 53020  53.1597 279.3664 0001171  91.3042 268.8084 15.08836849220628
STARLINK-4216
1 53022U 22076AN  26185.26179065  .00000672  00000+0  60331-4 0  9998
2 53022  53.1600 280.6091 0000988  84.6003 275.5101 15.08837071220589
STARLINK-4284
1 53023U 22076AP  26184.97843215  .00000268  00000+0  34932-4 0  9990
2 53023  53.1575 281.8715 0001120  86.2666 273.8453 15.08835898220541
STARLINK-4289
1 53024U 22076AQ  26184.98211186  .00000836  00000+0  70637-4 0  9991
2 53024  53.1555 281.8662 0000960  96.1052 264.0049 15.08835130220543
STARLINK-4218
1 53025U 22076AR  26185.63714402  .00000554  00000+0  52916-4 0  9991
2 53025  53.1594 278.9198 0001095  76.8770 283.2343 15.08843398220646
STARLINK-4143
1 53029U 22076AV  26185.61231603  .00001727  00000+0  12661-3 0  9995
2 53029  53.1588 269.0329 0001077  92.8667 267.2448 15.08834493220771
STARLINK-4137
1 53031U 22076AX  26185.53503127  .00001593  00000+0  11815-3 0  9993
2 53031  53.1582 269.3791 0001150  92.8766 267.2358 15.08836330220767
STARLINK-4167
1 53033U 22076AZ  26185.53871203  .00001108  00000+0  87683-4 0  9997
2 53033  53.1595 269.3631 0000864  82.5767 277.5323 15.08834428220766
STARLINK-4151
1 53034U 22076BA  26185.61327087  .00001995  00000+0  14337-3 0  9992
2 53034  53.1600 269.0776 0001152  91.2969 268.8154 15.08838412220776
STARLINK-4157
1 53035U 22076BB  26185.53134690 -.00000230  00000+0  36034-5 0  9992
2 53035  53.1594 269.3951 0000984  73.4435 286.6664 15.08827472220766
STARLINK-4155
1 53036U 22076BC  26185.26271280  .00000608  00000+0  56269-4 0  9999
2 53036  53.1590 270.6014 0000967  94.9840 265.1262 15.08831431220729
STARLINK-4153
1 53037U 22076BD  26185.52397465  .00002426  00000+0  17038-3 0  9993
2 53037  53.1589 269.4268 0000545  54.6706 305.4336 15.08851527220763
STARLINK-4156
1 53038U 22076BE  26185.52030502  .00000353  00000+0  40289-4 0  9992
2 53038  53.1590 269.4469 0001202  89.4906 270.6223 15.08839182220769
STARLINK-4141
1 53138U 22083G   26185.51710584  .00002866  00000+0  19806-3 0  9996
2 53138  53.1620   4.6470 0000890  73.7679 286.3410 15.08837311219694
STARLINK-4185
1 53139U 22083H   26185.50742874  .00002192  00000+0  15574-3 0  9993
2 53139  53.1617   9.5093 0001367  92.1340 267.9809 15.08840778218851
STARLINK-4170
1 53140U 22083J   26185.58335648  .01069845  00000+0  56680-1 0  9990
2 53140  53.1596   9.1242 0001023  78.6856 336.1563 15.12178763  5708
STARLINK-4102
1 53143U 22083M   26185.49810183  .00003073  00000+0  18235-3 0  9991
2 53143  53.1615   8.9512 0000375 306.6256  53.4703 15.14270156218866
STARLINK-4098
1 53153U 22083X   26185.51203138  .00001752  00000+0  12818-3 0  9994
2 53153  53.1615 359.4884 0001311  93.2016 266.9126 15.08830434218995
STARLINK-4077
1 53154U 22083Y   26185.18819033  .00000676  00000+0  60555-4 0  9991
2 53154  53.1601   0.9422 0001158  85.3289 274.7835 15.08835127218943
STARLINK-4088
1 53155U 22083Z   26185.50467038  .00001216  00000+0  94506-4 0  9996
2 53155  53.1601 359.5208 0001233  89.5255 270.5877 15.08830223219631
STARLINK-4087
1 53156U 22083AA  26185.49361707 -.00000972  00000+0 -42990-4 0  9991
2 53156  53.1606 359.4439 0001605  92.9728 267.1447 15.08829530218990
STARLINK-4111
1 53159U 22083AD  26184.76131069 -.00001249  00000+0 -60386-4 0  9996
2 53159  53.1614   2.8636 0001532  84.1168 275.9998 15.08835774218883
STARLINK-4096
1 53160U 22083AE  26184.77234698 -.00003296  00000+0 -18902-3 0  9991
2 53160  53.1599   2.8113 0001868  91.0300 269.0906 15.08849375218889
STARLINK-4114
1 53162U 22083AG  26185.49459547  .00000528  00000+0  51285-4 0  9990
2 53162  53.1605 359.5761 0001184  90.4227 269.6900 15.08831256218993
STARLINK-4104
1 53163U 22083AH  26185.22132714  .00000374  00000+0  41592-4 0  9995
2 53163  53.1619   0.9402 0001043  95.3288 264.7822 15.08837863218958
STARLINK-4116
1 53164U 22083AJ  26184.75395814 -.00001341  00000+0 -66216-4 0  9992
2 53164  53.1605   2.8969 0001191  96.0062 264.1065 15.08823511218885
STARLINK-4090
1 53165U 22083AK  26185.20291487 -.00000390  00000+0 -64013-5 0  9992
2 53165  53.1591   0.8732 0001174  91.6554 268.4572 15.08815615218958
STARLINK-3683
1 53167U 22083AM  26185.41957473  .00000661  00000+0  59656-4 0  9996
2 53167  53.1597 344.8904 0001261  88.1738 271.9398 15.08832242219186
STARLINK-4105
1 53168U 22083AN  26185.47154711  .00002081  00000+0  14879-3 0  9992
2 53168  53.1607 359.6698 0001133  90.0062 270.1059 15.08841640218998
STARLINK-4117
1 53169U 22083AP  26185.58335648  .01026817  00000+0  53886-1 0  9998
2 53169  53.1610 344.3889 0000820 125.4049 184.0965 15.12637042  5746
STARLINK-4095
1 53170U 22083AQ  26185.49960954 -.00009493  00000+0 -57858-3 0  9991
2 53170  53.1609 354.4953 0001273 106.9816 253.1315 15.08872864219066
STARLINK-4052
1 53171U 22083AR  26185.58335648  .00058099  00000+0  32011-2 0  9995
2 53171  53.1598 328.8448 0001104 107.1025 167.0090 15.13473992  5742
STARLINK-4300
1 53173U 22083AT  26185.58335648  .00054155  00000+0  29263-2 0  9991
2 53173  53.1610 334.0308 0001347  74.0662  16.0593 15.14200120  5755
STARLINK-4292
1 53175U 22083AV  26185.20567859 -.00000548  00000+0 -16309-4 0  9991
2 53175  53.1613  10.8657 0001304  83.3942 276.7198 15.08839177218804
STARLINK-4294
1 53176U 22083AW  26185.58335648  .00066002  00000+0  37309-2 0  9998
2 53176  53.1607 344.0466 0001133 114.4749 132.5159 15.12494150  5802
STARLINK-4298
1 53177U 22083AX  26185.58335648  .00043000  00000+0  23995-2 0  9998
2 53177  53.1610 334.0669 0000790 102.8644   7.9697 15.13158647  5759
STARLINK-4280
1 53178U 22083AY  26184.86803278  .00000818  00000+0  69477-4 0  9995
2 53178  53.1577   2.3816 0001265  83.4179 276.6957 15.08833097218883
STARLINK-4276
1 53179U 22083AZ  26185.65476281  .00052301  00000+0  32336-2 0  9990
2 53179  53.1584 318.4311 0002168  89.0248 271.0992 15.09359412219575
STARLINK-4258
1 53180U 22083BA  26185.08513950  .00003840  00000+0  25931-3 0  9992
2 53180  53.1619 321.2724 0001570  88.7413 271.3758 15.08823480219485
STARLINK-4268
1 53183U 22083BD  26185.58335648  .00048793  00000+0  27451-2 0  9990
2 53183  53.1592 324.0005 0001424  93.9252 347.4330 15.12807091  5645
STARLINK-4257
1 53184U 22083BE  26185.65181801  .00001284  00000+0  98754-4 0  9999
2 53184  53.1608 318.4380 0001284  86.4627 273.6512 15.08836510219589
STARLINK-4056
1 53242U 22086A   26185.28617034 -.00000716  00000+0 -26894-4 0  9995
2 53242  53.1629  35.4924 0001222  87.8137 272.2994 15.08839296218919
STARLINK-4047
1 53243U 22086B   26185.58335648  .00123073  00000+0  68393-2 0  9995
2 53243  53.1600  38.8007 0000486 112.1975 245.4260 15.12744204  5697
STARLINK-4061
1 53247U 22086F   26185.30091404  .00000875  00000+0  73070-4 0  9992
2 53247  53.1609  35.6218 0001246  88.6098 271.5036 15.08836162218919
STARLINK-4135
1 53248U 22086G   26185.02490417  .00000624  00000+0  57284-4 0  9990
2 53248  53.1609  36.7833 0001232  93.8969 266.2164 15.08834239218876
STARLINK-4134
1 53254U 22086N   26185.55439553 -.00003008  00000+0 -17099-3 0  9999
2 53254  53.1612  29.3078 0001000  87.3135 272.7971 15.08833876218720
STARLINK-4142
1 53255U 22086P   26185.27375339  .00001377  00000+0  10461-3 0  9991
2 53255  53.1599  30.5583 0001256  86.3485 273.7651 15.08832301218661
STARLINK-4147
1 53256U 22086Q   26185.54238889  .00000714  00000+0  62962-4 0  9998
2 53256  53.1612  29.3541 0001572  88.8481 271.2691 15.08829038218707
STARLINK-4144
1 53257U 22086R   26185.59391185  .00000475  00000+0  47942-4 0  9998
2 53257  53.1606  29.1208 0001095  88.5671 271.5445 15.08833534218714
STARLINK-4127
1 53258U 22086S   26185.53502975  .00002769  00000+0  19201-3 0  9998
2 53258  53.1624  29.3856 0001392  97.4414 262.6736 15.08840883218708
STARLINK-4140
1 53259U 22086T   26185.55706927  .00001576  00000+0  11711-3 0  9997
2 53259  53.1606  28.9266 0001475  86.3176 273.7984 15.08834307218716
STARLINK-3950
1 53264U 22086Y   26185.58335648  .01028291  00000+0  53985-1 0  9995
2 53264  53.1608  29.1320 0000789  91.1450 270.2234 15.12618127  5690
STARLINK-4149
1 53290U 22086BA  26185.55892452  .00036886  00000+0  22653-2 0  9999
2 53290  53.2158  19.3704 0001237  96.2060 263.9073 15.09768336218835
STARLINK-4146
1 53294U 22086BE  26185.58335648  .00092616  00000+0  49458-2 0  9990
2 53294  53.1602   8.9109 0001640 108.4928 110.9218 15.14347472  4949
STARLINK-4522
1 53388U 22097A   26185.63713008  .00004063  00000+0  27310-3 0  9995
2 53388  53.1576 318.9217 0001145  76.3192 283.7927 15.08859526216507
STARLINK-4523
1 53389U 22097B   26185.62980538  .00001309  00000+0  10033-3 0  9993
2 53389  53.1620 318.9573 0001240 114.2255 245.8866 15.08837791216322
STARLINK-4517
1 53390U 22097C   26185.63346399  .00002709  00000+0  18821-3 0  9995
2 53390  53.1600 318.9409 0000658  77.7158 282.3907 15.08840339216477
STARLINK-4521
1 53391U 22097D   26185.36115317  .00000929  00000+0  76485-4 0  9993
2 53391  53.1602 320.1646 0001003  86.2410 273.8696 15.08835063216286
STARLINK-4535
1 53392U 22097E   26185.08883215  .00000483  00000+0  48445-4 0  9992
2 53392  53.1601 321.3878 0001248  87.2233 272.8902 15.08833366216240
STARLINK-4530
1 53393U 22097F   26185.35747216  .00001523  00000+0  11376-3 0  9991
2 53393  53.1602 320.1789 0001236  92.1632 267.9501 15.08835595216285
STARLINK-4544
1 53394U 22097G   26185.58335648  .00075339  00000+0  40612-2 0  9999
2 53394  53.1605 308.6763 0001944  71.3268  62.6276 15.14124577  5757
STARLINK-4534
1 53395U 22097H   26185.08611407 -.00000247  00000+0  25755-5 0  9996
2 53395  53.1605 321.4100 0001137  89.9044 270.2078 15.08832203216089
STARLINK-4524
1 53396U 22097J   26185.40163024  .00000975  00000+0  79349-4 0  9994
2 53396  53.1610 319.9804 0001286  92.8617 267.2522 15.08831819216131
STARLINK-4515
1 53397U 22097K   26185.08147115  .00000699  00000+0  62002-4 0  9993
2 53397  53.1605 321.4202 0001136  93.5643 266.5479 15.08833861216083
STARLINK-4512
1 53398U 22097L   26185.65922695  .00001635  00000+0  12076-3 0  9997
2 53398  53.1605 318.8225 0000815  86.9232 273.1852 15.08837635216174
STARLINK-4528
1 53399U 22097M   26185.40531106  .00001569  00000+0  11666-3 0  9994
2 53399  53.1599 319.9636 0001165  90.3817 269.7308 15.08831217216135
STARLINK-4520
1 53400U 22097N   26185.64818725  .00001310  00000+0  10042-3 0  9999
2 53400  53.1601 318.8744 0001248  81.6688 278.4445 15.08837244216170
STARLINK-4525
1 53401U 22097P   26185.66291328  .00002655  00000+0  18477-3 0  9999
2 53401  53.1596 318.8055 0001132  80.3783 279.7337 15.08847952216174
STARLINK-4499
1 53402U 22097Q   26185.64450664  .00001086  00000+0  86334-4 0  9993
2 53402  53.1620 318.8917 0001604  97.1170 263.0004 15.08834131216172
STARLINK-4507
1 53403U 22097R   26185.09351068  .00000046  00000+0  20979-4 0  9999
2 53403  53.1599 321.7135 0001308  86.3294 273.7847 15.08838896216086
STARLINK-4510
1 53405U 22097T   26185.64082453  .00003484  00000+0  23680-3 0  9991
2 53405  53.1579 318.9044 0001140  82.4162 277.6959 15.08847417216174
STARLINK-4491
1 53408U 22097W   26185.62702303  .00000728  00000+0  63821-4 0  9995
2 53408  53.1584 308.9715 0001122  90.8154 269.2966 15.08841768216304
STARLINK-4492
1 53410U 22097Y   26185.62337217 -.00000868  00000+0 -36480-4 0  9994
2 53410  53.1581 308.9859 0001284  73.1039 287.0094 15.08821153216304
STARLINK-4497
1 53411U 22097Z   26185.63068139  .00003144  00000+0  21544-3 0  9992
2 53411  53.1592 308.9483 0001377  97.5941 262.5207 15.08858517216303
STARLINK-4496
1 53412U 22097AA  26185.61229735  .00001873  00000+0  13567-3 0  9995
2 53412  53.1589 309.0351 0000911  94.3670 265.7426 15.08849463216301
STARLINK-4500
1 53413U 22097AB  26185.61966477  .00001321  00000+0  10107-3 0  9992
2 53413  53.1594 308.9996 0001286  81.4900 278.6237 15.08838458216305
STARLINK-4304
1 53414U 22097AC  26185.60862931  .00001444  00000+0  10883-3 0  9999
2 53414  53.1595 309.0502 0001129  86.7487 273.3633 15.08837013216292
STARLINK-4480
1 53416U 22097AE  26185.06030532  .00001970  00000+0  14185-3 0  9998
2 53416  53.1622 311.4659 0001213  92.8159 267.2972 15.08831873216198
STARLINK-4484
1 53417U 22097AF  26185.60127376  .00012612  00000+0  80870-3 0  9991
2 53417  53.1598 309.0843 0001334  93.5641 266.5503 15.08857608216272
STARLINK-4476
1 53419U 22097AH  26185.59758860  .00002179  00000+0  15496-3 0  9998
2 53419  53.1596 309.0982 0001196  93.1854 266.9274 15.08837006216273
STARLINK-4503
1 53528U 22101B   26185.49455286  .00001792  00000+0  13069-3 0  9994
2 53528  53.1589 269.5636 0001142  82.0671 278.0450 15.08833381213793
STARLINK-4482
1 53530U 22101D   26185.50193737  .00000564  00000+0  53504-4 0  9994
2 53530  53.1589 269.7503 0001056  81.9523 278.1588 15.08838697213797
STARLINK-4487
1 53531U 22101E   26185.21855411  .00001104  00000+0  87487-4 0  9995
2 53531  53.1594 270.8028 0001212  92.4756 267.6375 15.08832234213752
STARLINK-4483
1 53532U 22101F   26185.51661261 -.00006201  00000+0 -37151-3 0  9994
2 53532  53.1578 269.4618 0001292  82.6032 277.5107 15.08874051213802
STARLINK-4493
1 53533U 22101G   26185.51294614  .00000799  00000+0  68291-4 0  9993
2 53533  53.1599 269.4676 0001100  91.9504 268.1614 15.08832748213801
STARLINK-4138
1 53535U 22101J   26185.50926561  .00000075  00000+0  22809-4 0  9999
2 53535  53.1603 269.4976 0000978  80.7206 279.3896 15.08841430213803
STARLINK-4120
1 53537U 22101L   26185.51021021 -.00005040  00000+0 -29857-3 0  9997
2 53537  53.1595 269.4633 0001118  70.1959 289.9153 15.08864487213800
STARLINK-4123
1 53539U 22101N   26185.50559592  .00000319  00000+0  38112-4 0  9994
2 53539  53.1584 269.5133 0001328  74.8747 285.2391 15.08833838213804
STARLINK-4486
1 53540U 22101P   26185.18735374  .00001135  00000+0  89439-4 0  9999
2 53540  53.1604 261.3002 0001053  84.9940 275.1172 15.08829590214576
STARLINK-4485
1 53541U 22101Q   26185.49821632  .00001620  00000+0  11984-3 0  9995
2 53541  53.1606 269.5452 0001384  90.7667 269.3483 15.08844249214495
STARLINK-4513
1 53548U 22101X   26184.92875218  .00000986  00000+0  80044-4 0  9996
2 53548  53.1596 262.1053 0001183  89.8770 270.2357 15.08833666213858
STARLINK-4514
1 53551U 22101AA  26185.59482697  .00001390  00000+0  10540-3 0  9992
2 53551  53.1595 259.1121 0001119  90.4318 269.6802 15.08840607214613
STARLINK-4495
1 53552U 22101AB  26185.58010993  .00002363  00000+0  16652-3 0  9999
2 53552  53.1588 259.1772 0001153 108.1183 251.9934 15.08832746214607
STARLINK-4501
1 53553U 22101AC  26184.91034436 -.00000378  00000+0 -56845-5 0  9990
2 53553  53.1584 262.0602 0001152  93.8972 266.2151 15.08825112214513
STARLINK-4506
1 53554U 22101AD  26185.50746941  .00002329  00000+0  16439-3 0  9997
2 53554  53.1583 259.5122 0001181  87.9557 272.1570 15.08832654213942
STARLINK-4504
1 53555U 22101AE  26185.58379034  .00002086  00000+0  14913-3 0  9996
2 53555  53.1588 259.1597 0001168  87.8600 272.2525 15.08835274214610
STARLINK-4505
1 53556U 22101AF  26185.49916067 -.00000044  00000+0  15341-4 0  9990
2 53556  53.1595 259.5397 0001360  86.4105 273.7042 15.08836348213948
STARLINK-4502
1 53557U 22101AG  26185.51019411  .00001987  00000+0  14293-3 0  9991
2 53557  53.1579 259.4906 0001261  93.3727 266.7409 15.08830177214598
STARLINK-4494
1 53558U 22101AH  26185.56765648  .00001756  00000+0  12838-3 0  9994
2 53558  53.1581 253.9537 0001005  89.7851 270.3256 15.08834335214685
STARLINK-4564
1 53560U 22101AK  26185.47801523  .00000152  00000+0  27620-4 0  9995
2 53560  53.1582 249.8205 0001228  87.9077 272.2055 15.08832127214070
STARLINK-4563
1 53561U 22101AL  26185.49547118  .00000318  00000+0  38108-4 0  9992
2 53561  53.1595 259.5552 0001146  84.0196 276.0926 15.08828143213944
STARLINK-4585
1 53567U 22101AS  26185.47064237  .00000938  00000+0  77029-4 0  9995
2 53567  53.1596 249.7740 0001234  89.8389 270.2744 15.08835307214075
STARLINK-4581
1 53576U 22101BB  26185.44212273  .00000300  00000+0  36949-4 0  9996
2 53576  53.1580 249.5957 0000903  85.2279 274.8815 15.08836264214898
STARLINK-4691
1 53588U 22104A   26185.42006302  .00000609  00000+0  56347-4 0  9990
2 53588  53.1604  80.1478 0001218  85.8119 274.3011 15.08834000213713
STARLINK-4676
1 53598U 22104L   26185.40709217  .00003479  00000+0  21663-3 0  9994
2 53598  53.1605  79.3722 0001269  99.0607 261.0529 15.12115798213248
STARLINK-4648
1 53602U 22104Q   26185.38919732  .00002107  00000+0  15047-3 0  9998
2 53602  53.1612  74.9793 0002437  99.7628 260.3639 15.08840796213308
STARLINK-4692
1 53603U 22104R   26185.41132486  .00000954  00000+0  78056-4 0  9994
2 53603  53.1606  75.1152 0001711 106.1885 253.9295 15.08843736213309
STARLINK-4690
1 53604U 22104S   26183.99079588  .00002658  00000+0  18515-3 0  9995
2 53604  53.1610  81.1830 0001453  87.8746 272.2412 15.08820008213097
STARLINK-4590
1 53606U 22104U   26185.07504666  .00000337  00000+0  39233-4 0  9991
2 53606  53.1584  71.5662 0001154  87.7538 272.3586 15.08842540213202
STARLINK-4647
1 53608U 22104W   26185.41361080 -.00000027  00000+0  16428-4 0  9990
2 53608  53.1609  70.1239 0001354  88.5681 271.5466 15.08842210213254
STARLINK-4610
1 53610U 22104Y   26184.94352606  .00000630  00000+0  57691-4 0  9990
2 53610  53.1620  72.1690 0001436  85.4602 274.6554 15.08831087213187
STARLINK-4658
1 53612U 22104AA  26185.40255990  .00001795  00000+0  13085-3 0  9993
2 53612  53.1618  70.0550 0001572  89.9305 270.1867 15.08832435213252
STARLINK-4655
1 53613U 22104AB  26185.07872647  .00000187  00000+0  29867-4 0  9991
2 53613  53.1606  71.5892 0001293  96.7184 263.3955 15.08846765213204
STARLINK-4605
1 53616U 22104AE  26185.06857470  .00000229  00000+0  32471-4 0  9992
2 53616  53.1627  61.3560 0001698  99.4747 260.6436 15.08836108213454
STARLINK-4609
1 53619U 22104AH  26185.39519199  .00001037  00000+0  83249-4 0  9991
2 53619  53.1621  70.0097 0001476  91.7696 268.3465 15.08832844213253
STARLINK-4615
1 53620U 22104AJ  26185.38044710  .00001561  00000+0  11615-3 0  9993
2 53620  53.1616  69.9200 0001377  97.6084 262.5064 15.08838155213362
STARLINK-4608
1 53621U 22104AK  26185.39150637  .00001828  00000+0  13292-3 0  9990
2 53621  53.1608  69.9871 0001417  89.2633 270.8520 15.08834319213255
STARLINK-4568
1 53622U 22104AL  26185.09338046  .00000328  00000+0  38690-4 0  9994
2 53622  53.1609  70.9748 0001388  90.4443 269.6708 15.08839283213329
STARLINK-4554
1 53626U 22104AQ  26185.09706524  .00000530  00000+0  51391-4 0  9996
2 53626  53.1616  70.9927 0001959 100.3462 259.7750 15.08835720213336
STARLINK-4595
1 53627U 22104AR  26185.36939374  .00000295  00000+0  36620-4 0  9994
2 53627  53.1615  69.8476 0001386  93.1040 267.0110 15.08838305213375
STARLINK-4600
1 53628U 22104AS  26185.08968976 -.00001360  00000+0 -67314-4 0  9994
2 53628  53.1625  70.9467 0001535  93.6458 266.4709 15.08849306213330
STARLINK-4602
1 53629U 22104AT  26185.10075081  .00000891  00000+0  74057-4 0  9992
2 53629  53.1616  71.0155 0001707 102.6055 257.5127 15.08836299213334
STARLINK-4598
1 53630U 22104AU  26185.06955174  .00000409  00000+0  43802-4 0  9998
2 53630  53.1600  61.5513 0001300  88.5497 271.5643 15.08840340213636
STARLINK-4599
1 53631U 22104AV  26185.41720876  .00000219  00000+0  31860-4 0  9997
2 53631  53.1625  69.4387 0001365  88.4813 271.6335 15.08846983213382
STARLINK-4606
1 53632U 22104AW  26185.39240822  .00002112  00000+0  15067-3 0  9997
2 53632  53.1615  60.0124 0002085  81.8158 278.3070 15.08858661213844
STARLINK-4593
1 53633U 22104AX  26185.06491318  .00000509  00000+0  50101-4 0  9997
2 53633  53.1612  61.5208 0002050  95.5421 264.5804 15.08843265213462
STARLINK-4592
1 53634U 22104AY  26185.38505963  .00001594  00000+0  11826-3 0  9990
2 53634  53.1613  59.9698 0001496  75.9796 284.1362 15.08837553213840
STARLINK-4586
1 53636U 22104BA  26185.37768874  .00001484  00000+0  11131-3 0  9990
2 53636  53.1609  59.9217 0001503  90.8726 269.2437 15.08834646213849
STARLINK-4396
1 53637U 22104BB  26185.34556595  .00000912  00000+0  75379-4 0  9993
2 53637  53.1607  60.4205 0001386  91.8000 268.3150 15.08838815213830
STARLINK-4594
1 53638U 22104BC  26185.35926667  .00001420  00000+0  10728-3 0  9997
2 53638  53.1615  59.8081 0001305  94.5834 265.5306 15.08835213213842
STARLINK-4597
1 53640U 22104BE  26185.37032311  .00000913  00000+0  75469-4 0  9996
2 53640  53.1607  59.8750 0001336  84.5442 275.5701 15.08826870213846
STARLINK-4588
1 53641U 22104BF  26185.38137738  .00000603  00000+0  56011-4 0  9995
2 53641  53.1612  59.9397 0001235  89.3850 270.7283 15.08828989213840
STARLINK-4725
1 53700U 22107A   26185.43469908  .00001254  00000+0  96869-4 0  9995
2 53700  53.1624  79.4633 0001502  88.9619 271.1545 15.08843395212487
STARLINK-4711
1 53701U 22107B   26185.43101538  .00000125  00000+0  25966-4 0  9994
2 53701  53.1623  79.4398 0001559  80.8537 279.2631 15.08846960212483
STARLINK-4724
1 53702U 22107C   26185.39011884  .00001298  00000+0  99618-4 0  9991
2 53702  53.1616  64.9389 0001367  92.4252 267.6896 15.08835796212710
STARLINK-4731
1 53703U 22107D   26185.44575256  .00001250  00000+0  96640-4 0  9996
2 53703  53.1622  79.5308 0001346  88.5101 271.6045 15.08842064212488
STARLINK-4717
1 53705U 22107F   26185.09254000  .00000401  00000+0  43310-4 0  9993
2 53705  53.1629  81.5947 0001708 100.4900 259.6285 15.08836461212422
STARLINK-4716
1 53706U 22107G   26185.40899879 -.00001050  00000+0 -47886-4 0  9993
2 53706  53.1603  80.0115 0001256 103.9110 256.2021 15.08838272212473
STARLINK-4667
1 53707U 22107H   26185.58335648  .00124096  00000+0  71395-2 0  9996
2 53707  53.1597  64.1488 0000961 141.2517 146.5437 15.11491252  5592
STARLINK-4694
1 53708U 22107J   26185.38643246  .00001797  00000+0  13098-3 0  9990
2 53708  53.1612  64.9211 0001432  92.6838 267.4317 15.08838287212681
STARLINK-4685
1 53709U 22107K   26185.43977011  .00001791  00000+0  13059-3 0  9998
2 53709  53.1616  84.5085 0001450  87.8776 272.2382 15.08840199212108
STARLINK-4683
1 53712U 22107N   26185.42503811 -.00001131  00000+0 -52966-4 0  9995
2 53712  53.1612  84.4248 0001401  94.0267 266.0885 15.08824265212126
STARLINK-4699
1 53716U 22107S   26185.58335648  .01071982  00000+0  53418-1 0  9997
2 53716  53.1596  88.7478 0001506  79.9382  21.8564 15.14373891  5806
STARLINK-4695
1 53718U 22107U   26185.43031971  .00084416  00000+0  51597-2 0  9997
2 53718  53.1619  90.1099 0000990 138.0663 222.0404 15.09536727212020
STARLINK-4644
1 53719U 22107V   26185.63158124  .00002234  00000+0  15843-3 0  9993
2 53719  53.1609  58.5752 0001282  90.4923 269.6215 15.08841837212497
STARLINK-4651
1 53729U 22107AF  26185.46931550 -.00000298  00000+0 -38934-6 0  9996
2 53729  53.1625  89.6620 0001421  98.0426 262.0727 15.10002679212213
STARLINK-4616
1 53734U 22107AL  26185.58335648  .00139226  00000+0  74557-2 0  9990
2 53734  53.1595  89.1348 0001423 112.2479 154.7177 15.13977137  5743
STARLINK-4670
1 53744U 22107AW  26185.03910602  .00000068  00000+0  22369-4 0  9997
2 53744  53.1616 101.2356 0001434 103.5002 256.6149 15.08832019212160
STARLINK-4718
1 53773U 22111A   26185.51570142  .00001879  00000+0  13612-3 0  9999
2 53773  53.1597 119.3910 0001386  90.7894 269.3256 15.08833376211489
STARLINK-4719
1 53774U 22111B   26185.51201941  .00000022  00000+0  19452-4 0  9996
2 53774  53.1597 119.3678 0001378  89.4277 270.6873 15.08829054211345
STARLINK-4664
1 53777U 22111E   26185.20384731  .00000794  00000+0  68005-4 0  9998
2 53777  53.1599 111.0267 0001633  95.0283 265.0895 15.08835867211281
STARLINK-4678
1 53780U 22111H   26185.07505584 -.00000108  00000+0  11289-4 0  9990
2 53780  53.1598 111.6443 0001420  91.8736 268.2418 15.08841879211261
STARLINK-4462
1 53781U 22111J   26185.52030586  .00001870  00000+0  13552-3 0  9996
2 53781  53.1599 109.4477 0001304  94.9929 265.1212 15.08841207211335
STARLINK-4536
1 53783U 22111L   26185.51293900  .00000807  00000+0  68807-4 0  9991
2 53783  53.1613 109.4024 0001440  89.7686 270.3470 15.08839046211337
STARLINK-4666
1 53789U 22111S   26185.49451799  .00008988  00000+0  58193-3 0  9990
2 53789  53.1595 109.2870 0001387  91.7386 268.3765 15.08848900211321
STARLINK-4727
1 53803U 22111AG  26185.45453831 -.00000557  00000+0 -16881-4 0  9997
2 53803  53.1631  84.7926 0001996  91.5745 268.5475 15.08826157211657
STARLINK-4729
1 53804U 22111AH  26185.16712422  .00046388  00000+0  28849-2 0  9995
2 53804  53.1604  95.8152 0001838 102.1305 257.9893 15.09201150211475
STARLINK-4768
1 53806U 22111AK  26185.43611039  .00000719  00000+0  63275-4 0  9991
2 53806  53.1632  84.6734 0001570  91.3353 268.7819 15.08838400211656
STARLINK-4758
1 53820U 22114C   26185.57278005  .00000787  00000+0  67544-4 0  9995
2 53820  53.1603 139.4318 0001317  85.2090 274.9052 15.08833412210471
STARLINK-4748
1 53823U 22114F   26185.58335648  .00134273  00000+0  75106-2 0  9995
2 53823  53.1593  94.1107 0001877 107.9673 118.7094 15.12446469  4946
STARLINK-4757
1 53824U 22114G   26185.56163804  .00000901  00000+0  74704-4 0  9992
2 53824  53.1598 138.6669 0001451  82.6376 277.4780 15.08833646210391
STARLINK-4751
1 53825U 22114H   26185.56540600  .00001359  00000+0  10345-3 0  9994
2 53825  53.1607 139.3861 0001377  92.8305 267.2844 15.08837302210477
STARLINK-4756
1 53826U 22114J   26185.28204013  .00001210  00000+0  94147-4 0  9998
2 53826  53.1607 140.4661 0001248  76.3660 283.7471 15.08832533210433
STARLINK-4764
1 53827U 22114K   26184.03451839 -.00000352  00000+0 -40354-5 0  9991
2 53827  53.1595 146.1862 0001358  96.0526 264.0621 15.08835043210245
STARLINK-4760
1 53828U 22114L   26185.60953599  .00000274  00000+0  35311-4 0  9993
2 53828  53.1597 138.9526 0001259  86.8749 273.2386 15.08840361210483
STARLINK-4759
1 53829U 22114M   26185.15691395 -.00000207  00000+0  50818-5 0  9994
2 53829  53.1600 141.1026 0001350  86.2028 273.9118 15.08834583210418
STARLINK-4761
1 53830U 22114N   26185.60218173  .00001324  00000+0  10128-3 0  9993
2 53830  53.1609 138.9086 0001335  89.9066 270.2078 15.08835778210483
STARLINK-4649
1 53831U 22114P   26185.28571889 -.00001240  00000+0 -59832-4 0  9999
2 53831  53.1596 140.4854 0001229  96.7199 263.3932 15.08827098210438
STARLINK-4747
1 53832U 22114Q   26185.59480234  .00000817  00000+0  69417-4 0  9994
2 53832  53.1606 138.8627 0001346  86.1668 273.9478 15.08836062210482
STARLINK-4771
1 53833U 22114R   26185.60680805  .00001455  00000+0  10951-3 0  9990
2 53833  53.1596 138.9355 0001368 108.9958 251.1182 15.08840483210481
STARLINK-4737
1 53834U 22114S   26185.58742935  .00000460  00000+0  46979-4 0  9996
2 53834  53.1607 138.8177 0001125  76.4853 283.6264 15.08841468210485
STARLINK-4783
1 53835U 22114T   26185.59848503  .00001214  00000+0  94339-4 0  9997
2 53835  53.1600 138.8851 0001321  86.8874 273.2268 15.08838825210486
STARLINK-4776
1 53837U 22114V   26184.33256429 -.00001185  00000+0 -56370-4 0  9992
2 53837  53.1592 144.4959 0001378  84.3255 275.7893 15.08822128210297
STARLINK-4773
1 53838U 22114W   26185.56633011  .00001313  00000+0  10058-3 0  9998
2 53838  53.1614 129.4121 0001280  90.1687 269.9451 15.08837922210612
STARLINK-4784
1 53839U 22114X   26185.11002210  .00000526  00000+0  51126-4 0  9998
2 53839  53.1589 131.5395 0001235  86.6239 273.4894 15.08833675210548
STARLINK-4750
1 53841U 22114Z   26185.56264388  .00001798  00000+0  13101-3 0  9998
2 53841  53.1610 129.3876 0001314  92.7022 267.4120 15.08840073210614
STARLINK-4754
1 53842U 22114AA  26185.54790539  .00000972  00000+0  79163-4 0  9993
2 53842  53.1598 129.2939 0001296  88.9872 271.1268 15.08836703210618
STARLINK-4769
1 53843U 22114AB  26185.55895999  .00001753  00000+0  12819-3 0  9993
2 53843  53.1605 129.3626 0001663  92.2226 267.8956 15.08840137210613
STARLINK-4745
1 53844U 22114AC  26185.55253852 -.00000786  00000+0 -32146-4 0  9993
2 53844  53.1588 129.3499 0000553  90.0265 270.0789 15.08031178210615
STARLINK-4753
1 53845U 22114AD  26185.22039688  .00000607  00000+0  56251-4 0  9990
2 53845  53.1602 130.8248 0001359  88.9948 271.1199 15.08831798210568
STARLINK-4746
1 53846U 22114AE  26185.53316860 -.00000018  00000+0  16999-4 0  9997
2 53846  53.1588 129.2022 0001495  89.8987 270.2176 15.08835417210611
STARLINK-4777
1 53847U 22114AF  26185.54425199 -.00002897  00000+0 -16411-3 0  9991
2 53847  53.1586 129.2692 0002603 150.4419 209.6720 15.08802077210617
STARLINK-4780
1 53848U 22114AG  26185.26083689  .00000481  00000+0  48330-4 0  9996
2 53848  53.1597 130.3478 0000852  77.9824 282.1263 15.08840074210574
STARLINK-4767
1 53850U 22114AJ  26185.11730388  .00000960  00000+0  78430-4 0  9994
2 53850  53.1595 130.8763 0001482  73.2005 286.9148 15.08834760210554
STARLINK-4755
1 53851U 22114AK  26185.13204342  .00000611  00000+0  56452-4 0  9996
2 53851  53.1598 130.9679 0001086 102.3033 257.8080 15.08847131210558
STARLINK-4797
1 53852U 22114AL  26185.54284162  .00001655  00000+0  12208-3 0  9999
2 53852  53.1610 124.2777 0001389  90.6168 269.4982 15.08840707210689
STARLINK-4794
1 53853U 22114AM  26185.12467297  .00000920  00000+0  75883-4 0  9999
2 53853  53.1602 130.9222 0001569  91.9203 268.1968 15.08835724210553
STARLINK-4800
1 53854U 22114AN  26185.10726144 -.00000050  00000+0  14931-4 0  9999
2 53854  53.1595 121.5375 0001464  91.1436 268.9723 15.08831772210684
STARLINK-4790
1 53859U 22114AT  26185.11961367 -.00002555  00000+0 -14253-3 0  9992
2 53859  53.1609 125.9013 0001396  93.1911 266.9240 15.08824679210620
STARLINK-4799
1 53860U 22114AU  26185.09620799 -.00000606  00000+0 -19959-4 0  9996
2 53860  53.1592 121.4700 0001435  82.8753 277.2402 15.08839296210446
STARLINK-4788
1 53863U 22114AX  26185.55251029  .00001155  00000+0  90638-4 0  9997
2 53863  53.1615 119.3427 0001441  89.2722 270.8434 15.08841881210752
STARLINK-4779
1 53864U 22114AY  26185.50829982  .00000204  00000+0  30893-4 0  9993
2 53864  53.1588 119.0661 0001341  90.6154 269.4991 15.08831519210752
STARLINK-5028
1 53886U 22119A   26185.61877915  .00000434  00000+0  45371-4 0  9995
2 53886  53.1606 159.2344 0001621  78.4027 281.7146 15.08833016209330
STARLINK-5029
1 53887U 22119B   26185.34276272  .00000111  00000+0  25083-4 0  9995
2 53887  53.1598 160.3560 0001297  81.1594 278.9545 15.08836668209295
STARLINK-5031
1 53889U 22119D   26185.21396989 -.00000401  00000+0 -71034-5 0  9993
2 53889  53.1601 160.9742 0001584  87.9183 272.1990 15.08824790209278
STARLINK-5050
1 53890U 22119E   26185.10858435  .00000574  00000+0  54184-4 0  9997
2 53890  53.1600 126.0830 0001469  85.6964 274.4196 15.08834949209757
STARLINK-5046
1 53892U 22119G   26185.32066052  .00000221  00000+0  31991-4 0  9999
2 53892  53.1592 160.2208 0001260  80.9314 279.1820 15.08831758209294
STARLINK-5052
1 53893U 22119H   26185.33266704  .00000080  00000+0  23138-4 0  9994
2 53893  53.1586 160.2935 0001118  77.6636 282.4481 15.08838233209292
STARLINK-5037
1 53896U 22119L   26184.38964166 -.00003654  00000+0 -21182-3 0  9996
2 53896  53.1598 164.3702 0001282  68.2362 291.8766 15.08803077209152
STARLINK-5044
1 53898U 22119N   26185.30592136  .00000014  00000+0  18992-4 0  9996
2 53898  53.1611 160.1333 0001399  87.6663 272.4488 15.08832934209297
STARLINK-5045
1 53900U 22119Q   26185.62976221 -.00001120  00000+0 -52290-4 0  9996
2 53900  53.1587 158.5940 0001221  74.4156 285.6970 15.08822787209346
STARLINK-5021
1 53902U 22119S   26185.58335648  .00104389  00000+0  57367-2 0  9992
2 53902  53.1602 108.8208 0001378  83.4473  71.3466 15.13253128  5804
STARLINK-5022
1 53903U 22119T   26185.31424566  .00000133  00000+0  26470-4 0  9997
2 53903  53.1590 160.1798 0001161  82.3772 277.7351 15.08837813209293
STARLINK-4787
1 53904U 22119U   26185.58335648  .01211901  00000+0  60642-1 0  9993
2 53904  53.1608 158.6963 0002079  85.0022  78.4110 15.13855402  5751
STARLINK-5003
1 53905U 22119V   26185.61601834  .00001180  00000+0  92208-4 0  9992
2 53905  53.1590 149.2385 0001262  86.3451 273.7685 15.08835669209478
STARLINK-5054
1 53906U 22119W   26185.63436549  .00002132  00000+0  15203-3 0  9991
2 53906  53.1604 148.6521 0001138  90.7912 269.3210 15.08826829209487
STARLINK-5057
1 53908U 22119Y   26185.60862662  .00003228  00000+0  22069-3 0  9994
2 53908  53.1597 149.1928 0001076 101.8133 258.2979 15.08857194209474
STARLINK-4796
1 53909U 22119Z   26185.63209585  .00000568  00000+0  54840-4 0  9994
2 53909  53.1606 149.3656 0001071 109.4333 250.6774 15.08023283209470
STARLINK-5048
1 53911U 22119AB  26185.61233459  .00001032  00000+0  82934-4 0  9994
2 53911  53.1596 149.2143 0001334  89.1171 270.9974 15.08835049209475
STARLINK-5059
1 53912U 22119AC  26185.62699813  .00001377  00000+0  10456-3 0  9997
2 53912  53.1592 148.6088 0001373  67.0451 293.0685 15.08843853209480
STARLINK-5053
1 53913U 22119AD  26185.59391079  .00000784  00000+0  67364-4 0  9999
2 53913  53.1601 149.1000 0001650  89.3624 270.7557 15.08829175209479
STARLINK-5040
1 53914U 22119AE  26185.59022850 -.00004480  00000+0 -26350-3 0  9996
2 53914  53.1598 149.0806 0000800 113.5923 246.5153 15.08844961209479
STARLINK-5012
1 53918U 22119AJ  26185.18909910  .00000985  00000+0  79971-4 0  9998
2 53918  53.1598 150.8411 0001323  74.6095 285.5043 15.08845414209412
STARLINK-5025
1 53920U 22119AL  26185.60223592  .00001467  00000+0  11023-3 0  9992
2 53920  53.1592 149.1447 0001199  79.0921 281.0205 15.08834124209470
STARLINK-5002
1 53922U 22119AN  26185.30683402 -.00005131  00000+0 -30424-3 0  9991
2 53922  53.1591 150.1557 0001413  89.2829 270.8325 15.08867910209438
STARLINK-5004
1 53923U 22119AP  26185.31421703 -.00000982  00000+0 -43633-4 0  9993
2 53923  53.1598 150.2017 0000482  12.7151 347.3852 15.08826268209438
STARLINK-5011
1 53925U 22119AR  26185.62330189  .00001498  00000+0  11218-3 0  9990
2 53925  53.1601 148.5847 0001267  86.1160 273.9977 15.08837481209489
STARLINK-5009
1 53928U 22119AU  26185.58382284 -.00002940  00000+0 -16679-3 0  9992
2 53928  53.1595 139.0617 0003928  80.7690 279.3745 15.08799710209618
STARLINK-5018
1 53929U 22119AV  26184.17409359  .00038792  00000+0  24217-2 0  9998
2 53929  53.1583 155.8680 0002243  52.2165 307.9029 15.09145153209252
STARLINK-4772
1 53932U 22119AY  26185.26961999  .00000214  00000+0  31527-4 0  9998
2 53932  53.1594 135.6656 0001471  88.1977 271.9183 15.08837667209649
STARLINK-4782
1 53933U 22119AZ  26185.58009529  .00001086  00000+0  86368-4 0  9997
2 53933  53.1582 139.0399 0001726  89.6219 270.4970 15.08830721209616
STARLINK-4775
1 53934U 22119BA  26185.59715527 -.00001542  00000+0 -78837-4 0  9992
2 53934  53.1609 134.1544 0001003  90.6007 269.5099 15.08820031209704
STARLINK-4633
1 53964U 22125A   26185.36301362  .00001440  00000+0  10859-3 0  9999
2 53964  53.1609  60.3162 0001346  90.3551 269.7594 15.08827359206938
STARLINK-4635
1 53966U 22125C   26185.35563974  .00001004  00000+0  81148-4 0  9995
2 53966  53.1608  60.2693 0001333  84.6184 275.4959 15.08834770206935
STARLINK-4634
1 53967U 22125D   26185.35195530  .00000843  00000+0  71058-4 0  9994
2 53967  53.1618  60.2454 0001358  85.6481 274.4666 15.08834479206930
STARLINK-4629
1 53968U 22125E   26185.07594232 -.00000440  00000+0 -95474-5 0  9990
2 53968  53.1624  61.3673 0001668  96.9012 263.2169 15.08833995206893
STARLINK-4468
1 53969U 22125F   26185.61322880  .00001235  00000+0  95715-4 0  9997
2 53969  53.1622  59.0314 0001456  92.1164 267.9994 15.08832792206979
STARLINK-4567
1 53970U 22125G   26183.82705746 -.00000511  00000+0 -14010-4 0  9993
2 53970  53.1594  62.1029 0001040  84.5701 275.5410 15.08828922206785
STARLINK-5156
1 53973U 22125K   26185.07225521 -.00000919  00000+0 -39618-4 0  9996
2 53973  53.1628  61.3447 0001411  90.1958 269.9195 15.08838829206896
STARLINK-5159
1 53974U 22125L   26185.30591962  .00001619  00000+0  11982-3 0  9997
2 53974  53.1598  40.0198 0001369  90.0927 270.0222 15.08830737207218
STARLINK-5137
1 53975U 22125M   26185.37259896  .00000048  00000+0  21124-4 0  9997
2 53975  53.1606  54.6913 0001093  98.4215 261.6900 15.08844147207018
STARLINK-5134
1 53976U 22125N   26185.58335648  .01111785  00000+0  55610-1 0  9997
2 53976  53.1605  39.2022 0001708 105.5059 104.7853 15.14134548  5741
STARLINK-5094
1 53977U 22125P   26185.58335648  .00102546  00000+0  58674-2 0  9996
2 53977  53.1595  54.2383 0001197  76.5973  90.3189 15.11816145  5447
STARLINK-5148
1 53978U 22125Q   26185.07455932 -.00000088  00000+0  12579-4 0  9995
2 53978  53.1616  56.3694 0001352  89.5982 270.5165 15.08835127206960
STARLINK-5123
1 53979U 22125R   26185.34688959  .00001295  00000+0  99429-4 0  9992
2 53979  53.1609  55.2256 0001184  89.2369 270.8759 15.08838080207003
STARLINK-5133
1 53980U 22125S   26185.05613531  .00000346  00000+0  39816-4 0  9996
2 53980  53.1607  56.2604 0001373  82.1896 277.9252 15.08830487206961
STARLINK-5149
1 53981U 22125T   26185.58521214  .00057752  00000+0  35777-2 0  9994
2 53981  53.1611  38.9303 0002720 105.6555 254.4737 15.09239269207253
STARLINK-5120
1 53982U 22125U   26185.61415473  .00001718  00000+0  12598-3 0  9996
2 53982  53.1609  49.0673 0001538  88.1645 271.9523 15.08839230207109
STARLINK-5142
1 53984U 22125W   26185.62520414  .00001168  00000+0  91471-4 0  9998
2 53984  53.1622  49.1357 0001389  84.0657 276.0493 15.08839717207111
STARLINK-5147
1 53985U 22125X   26185.03642019 -.00000435  00000+0 -92651-5 0  9990
2 53985  53.1610  51.8601 0001272  83.9268 276.1868 15.08836873207025
STARLINK-5113
1 53988U 22125AA  26185.35656021  .00001327  00000+0  10147-3 0  9993
2 53988  53.1615  50.3036 0001330  87.1183 272.9961 15.08841086207060
STARLINK-5118
1 53991U 22125AD  26185.60560158 -.00062612  00000+0 -39288-2 0  9992
2 53991  53.1614  38.9782 0001117 101.8098 258.3019 15.09038973207241
STARLINK-5108
1 53992U 22125AE  26185.34549889  .00001922  00000+0  13880-3 0  9998
2 53992  53.1602  50.2340 0001326  84.0509 276.0633 15.08848913207068
STARLINK-5121
1 53993U 22125AF  26184.99082626  .00001751  00000+0  12812-3 0  9994
2 53993  53.1620  46.5851 0001231  85.7716 274.3416 15.08827599207086
STARLINK-5125
1 53994U 22125AG  26185.33446102  .00000023  00000+0  19513-4 0  9994
2 53994  53.1598  50.1656 0001211  85.1601 274.9528 15.08831618207076
STARLINK-5097
1 53995U 22125AH  26185.34181606  .00001270  00000+0  97853-4 0  9999
2 53995  53.1610  50.2178 0001054  90.0439 270.0673 15.08836622207068
STARLINK-5131
1 53996U 22125AJ  26185.33077467  .00000975  00000+0  79345-4 0  9995
2 53996  53.1621  50.1426 0001350  94.9118 265.2027 15.08830383207070
STARLINK-5128
1 53998U 22125AL  26185.65460294  .00001209  00000+0  94048-4 0  9994
2 53998  53.1604  48.6093 0001066  91.8603 268.2510 15.08835782207128
STARLINK-5079
1 53999U 22125AM  26185.00694623  .00000013  00000+0  18924-4 0  9990
2 53999  53.1611  51.6791 0001397  88.6854 271.4297 15.08834277207020
STARLINK-5114
1 54003U 22125AR  26185.65827687  .00004702  00000+0  31325-3 0  9994
2 54003  53.1612  48.6309 0000817  80.1331 279.9752 15.08846452207120
STARLINK-5129
1 54004U 22125AS  26185.31603979 -.00000650  00000+0 -22726-4 0  9990
2 54004  53.1611  50.0517 0001246  93.9389 266.1745 15.08835246207073
STARLINK-5135
1 54005U 22125AT  26185.65091851  .00000397  00000+0  43023-4 0  9997
2 54005  53.1605  48.5835 0001069  83.4731 276.6382 15.08832430207121
STARLINK-5096
1 54006U 22125AU  26185.03723639  .00001355  00000+0  91305-4 0  9997
2 54006  53.1637  50.4648 0001243  98.7640 261.3494 15.13560541207035
STARLINK-5132
1 54007U 22125AV  26185.04738629  .00000486  00000+0  48662-4 0  9996
2 54007  53.1606  51.2210 0001166  98.0731 262.0393 15.08832903207038
STARLINK-5145
1 54008U 22125AW  26185.57456267  .00003305  00000+0  22569-3 0  9990
2 54008  53.1631  38.8505 0001258  97.8405 262.2730 15.08830293207253
STARLINK-5099
1 54009U 22125AX  26185.63985184  .00001302  00000+0  99895-4 0  9995
2 54009  53.1621  48.5191 0001117  88.6003 271.5116 15.08842773207121
STARLINK-5127
1 54010U 22125AY  26185.30223464  .00000513  00000+0  50342-4 0  9994
2 54010  53.1616  40.0065 0001224 100.0463 260.0667 15.08826781207217
STARLINK-5195
1 54051U 22136A   26185.24608990  .00000377  00000+0  42585-4 0  9993
2 54051  53.1968 181.2969 0001227  81.8988 278.2143 15.08009822204434
STARLINK-5189
1 54052U 22136B   26185.57641283  .00001068  00000+0  85218-4 0  9990
2 54052  53.1586 139.0066 0001534  79.6120 280.5044 15.08830188205056
STARLINK-5158
1 54055U 22136E   26185.35197357 -.00000093  00000+0  12253-4 0  9994
2 54055  53.1596 180.3695 0000908  58.7601 301.3479 15.08832074204456
STARLINK-5226
1 54056U 22136F   26185.36294948  .00000711  00000+0  62772-4 0  9997
2 54056  53.1600 179.7404 0001408  87.1413 272.9740 15.08824329204465
STARLINK-5167
1 54058U 22136H   26185.27099138  .00000008  00000+0  18595-4 0  9996
2 54058  53.1602 180.5751 0001185  81.0436 279.0690 15.08833948204441
STARLINK-5173
1 54059U 22136J   26185.27467742 -.00000397  00000+0 -68659-5 0  9997
2 54059  53.1602 180.5994 0001242  82.5462 277.5670 15.08833338204444
STARLINK-5169
1 54060U 22136K   26185.63066601  .00001059  00000+0  84597-4 0  9990
2 54060  53.1597 148.6094 0001291  84.9536 275.1602 15.08838623204921
STARLINK-5209
1 54061U 22136L   26185.16560407  .00000990  00000+0  80332-4 0  9998
2 54061  53.1602 145.6520 0001352  86.1598 273.9548 15.08831242204925
STARLINK-5170
1 54062U 22136M   26185.26730729 -.00000095  00000+0  12093-4 0  9992
2 54062  53.1596 180.5527 0001205  80.5556 279.5571 15.08834691204448
STARLINK-5187
1 54065U 22136Q   26185.38873433 -.00000085  00000+0  12722-4 0  9996
2 54065  53.1598 179.8912 0001129  73.3335 286.7780 15.08832708204463
STARLINK-5151
1 54066U 22136R   26185.28301869  .00000043  00000+0  21128-4 0  9998
2 54066  53.1966 180.8186 0001348  74.8343 285.2797 15.08020789204444
STARLINK-5174
1 54067U 22136S   26185.24888590  .00000182  00000+0  29514-4 0  9997
2 54067  53.1596 180.4416 0001083  77.5080 282.6032 15.08836078204449
STARLINK-5222
1 54068U 22136T   26185.38504508  .00000708  00000+0  62591-4 0  9993
2 54068  53.1595 179.8676 0001044  78.2072 281.9036 15.08837814204462
STARLINK-5181
1 54070U 22136V   26185.37399792 -.00000120  00000+0  10529-4 0  9995
2 54070  53.1592 179.7997 0001112  69.9913 290.1198 15.08833550204468
STARLINK-5168
1 54071U 22136W   26185.37031087  .00000301  00000+0  36972-4 0  9996
2 54071  53.1582 179.7783 0001049  92.4726 267.6385 15.08834363204463
STARLINK-5146
1 54073U 22136Y   26185.36892785  .00000719  00000+0  63275-4 0  9996
2 54073  53.1591 174.7874 0001219  82.6729 277.4400 15.08838797204534
STARLINK-5192
1 54074U 22136Z   26185.36662910  .00000294  00000+0  36545-4 0  9990
2 54074  53.1590 179.7529 0001300  84.4076 275.7064 15.08831989204467
STARLINK-5201
1 54076U 22136AB  26185.29037605  .00000065  00000+0  22155-4 0  9999
2 54076  53.1601 180.6833 0001179  89.9335 270.1792 15.08831319204445
STARLINK-5171
1 54077U 22136AC  26185.31296516  .00000398  00000+0  43113-4 0  9997
2 54077  53.1596 156.0146 0001249  88.5216 271.5918 15.08835993204799
STARLINK-5175
1 54079U 22136AE  26185.35657871  .00000232  00000+0  32700-4 0  9995
2 54079  53.1592 170.4075 0001221  85.6689 274.4442 15.08836667204591
STARLINK-5210
1 54082U 22136AH  26185.22041867  .00000117  00000+0  25441-4 0  9993
2 54082  53.1593 170.9781 0001580  93.5159 266.6013 15.08833529204572
STARLINK-5178
1 54083U 22136AJ  26185.34184220  .00000738  00000+0  64470-4 0  9992
2 54083  53.1589 170.3150 0001509  71.8329 288.2827 15.08831158204592
STARLINK-5183
1 54084U 22136AK  26185.21672689 -.00008865  00000+0 -53925-3 0  9993
2 54084  53.1593 170.9564 0001452  83.2744 276.8413 15.08862072204579
STARLINK-5166
1 54085U 22136AL  26185.33910420  .00000898  00000+0  74517-4 0  9992
2 54085  53.1598 170.2985 0001606  76.3285 283.7886 15.08844102204596
STARLINK-5211
1 54086U 22136AM  26185.60634273  .00000868  00000+0  72669-4 0  9995
2 54086  53.1598 154.1621 0001376  86.7731 273.3418 15.08828891204841
STARLINK-5184
1 54087U 22136AN  26185.36754751  .00000741  00000+0  64689-4 0  9996
2 54087  53.1592 169.7736 0001310  88.6678 271.4463 15.08827101204600
STARLINK-5153
1 54088U 22136AP  26184.35192661  .00000193  00000+0  30229-4 0  9995
2 54088  53.1589 174.8046 0001375  73.4842 286.6300 15.08831677204447
STARLINK-5143
1 54089U 22136AQ  26184.99222141 -.00000789  00000+0 -31497-4 0  9994
2 54089  53.1594 171.6940 0000901  69.8267 290.2821 15.08837673204548
STARLINK-5177
1 54090U 22136AR  26185.26086415  .00000318  00000+0  38085-4 0  9995
2 54090  53.1595 170.5212 0001050  74.9409 285.1698 15.08829961204582
STARLINK-5221
1 54091U 22136AS  26185.23137896  .00000177  00000+0  29190-4 0  9993
2 54091  53.1595 170.3433 0001151  82.5696 277.5427 15.08839112204585
STARLINK-5213
1 54093U 22136AU  26185.24609522  .00001733  00000+0  12690-3 0  9991
2 54093  53.1587 170.4291 0001542  82.7967 277.3200 15.08854655204584
STARLINK-5193
1 54095U 22136AW  26185.37122945  .00000503  00000+0  49682-4 0  9992
2 54095  53.1585 169.7889 0001310  82.9793 277.1347 15.08837935204605
STARLINK-5188
1 54096U 22136AX  26184.98484832 -.00000773  00000+0 -30485-4 0  9997
2 54096  53.1598 171.6427 0001061  88.3916 271.7197 15.08838242204548
STARLINK-5197
1 54097U 22136AY  26185.58884265  .00000903  00000+0  74813-4 0  9995
2 54097  53.1601 144.0678 0001342  76.5322 283.5819 15.08833759204986
STARLINK-5217
1 54098U 22136AZ  26184.97114775  .00001287  00000+0  98972-4 0  9998
2 54098  53.1601 172.2507 0001280  95.3115 264.8022 15.08833150204535
STARLINK-5198
1 54099U 22136BA  26184.36657577  .00000191  00000+0  30092-4 0  9996
2 54099  53.1597 174.1868 0001218  57.1783 302.9325 15.08835935204453
STARLINK-5185
1 54100U 22136BB  26185.37491447  .00000556  00000+0  53045-4 0  9991
2 54100  53.1594 169.8112 0000839  81.3912 278.7175 15.08830012204608
STARLINK-5179
1 54102U 22136BD  26185.33815319  .00000909  00000+0  75203-4 0  9999
2 54102  53.1594 170.2819 0001092  90.2062 269.9054 15.08833751204596
STARLINK-5200
1 54103U 22136BE  26185.31051997  .00000254  00000+0  34072-4 0  9994
2 54103  53.1600 150.1764 0001276  83.7239 276.3898 15.08837365204872
STARLINK-5290
1 54157U 22141A   26185.44215639  .00000988  00000+0  80153-4 0  9993
2 54157  53.1589 209.7459 0001057  87.4010 272.7102 15.08840313203340
STARLINK-5297
1 54158U 22141B   26185.32713281  .00000317  00000+0  37981-4 0  9994
2 54158  53.1590 210.4498 0001040  81.5861 278.5248 15.08831810203321
STARLINK-5294
1 54159U 22141C   26184.46232938  .00000498  00000+0  49394-4 0  9995
2 54159  53.1593 214.3049 0001111  69.1256 290.9854 15.08831800203194
STARLINK-5233
1 54160U 22141D   26185.63484775  .00000229  00000+0  32500-4 0  9998
2 54160  53.1603 163.9009 0001331  89.9767 270.1377 15.08833178204005
STARLINK-5269
1 54161U 22141E   26185.32434673  .00007549  00000+0  49123-3 0  9997
2 54161  53.1583 210.4322 0000709  57.9878 302.1182 15.08889025203321
STARLINK-5273
1 54162U 22141F   26185.44855794  .00000431  00000+0  45178-4 0  9992
2 54162  53.1588 209.7838 0001269  74.4761 285.6370 15.08840827203340
STARLINK-5279
1 54165U 22141J   26185.51111315 -.00000049  00000+0  14994-4 0  9995
2 54165  53.1595 209.4644 0001216  87.2979 272.8152 15.08830951203352
STARLINK-5243
1 54167U 22141L   26185.49266365  .00001256  00000+0  96943-4 0  9994
2 54167  53.1591 209.3521 0000933 100.2313 259.8784 15.08843470203352
STARLINK-5248
1 54174U 22141T   26185.61089674  .00001256  00000+0  97018-4 0  9996
2 54174  53.1600 143.7823 0001452  80.0654 280.0501 15.08839462204289
STARLINK-5231
1 54182U 22141AB  26185.33442708  .00000802  00000+0  68502-4 0  9997
2 54182  53.1591 169.9169 0001278  77.2934 282.8201 15.08832425203890
STARLINK-5238
1 54188U 22141AH  26185.39153498 -.00000990  00000+0 -44135-4 0  9990
2 54188  53.1583 190.1844 0001044  94.7197 265.3914 15.08832817203611
STARLINK-5281
1 54190U 22141AK  26185.38784930 -.00000071  00000+0  13650-4 0  9990
2 54190  53.1588 190.1617 0001173  87.2614 272.8512 15.08830140203615
STARLINK-4619
1 54191U 22141AL  26185.39890089  .00000706  00000+0  62428-4 0  9996
2 54191  53.1585 190.2303 0001098  84.0365 276.0751 15.08832626203612
STARLINK-5268
1 54192U 22141AM  26185.41724031  .00000952  00000+0  77912-4 0  9990
2 54192  53.1600 189.6360 0001322  60.9486 299.1637 15.08843494203628
STARLINK-5263
1 54193U 22141AN  26185.31423910  .00000035  00000+0  20260-4 0  9998
2 54193  53.1594 190.4135 0001054  74.2400 285.8708 15.08831277203602
STARLINK-5271
1 54194U 22141AP  26185.30686751 -.00000388  00000+0 -63079-5 0  9991
2 54194  53.1591 190.3672 0001122  80.6354 279.4764 15.08833597203608
STARLINK-5258
1 54195U 22141AQ  26185.31792445  .00000319  00000+0  38113-4 0  9993
2 54195  53.1592 190.4366 0001093  82.1639 277.9477 15.08830211203605
STARLINK-5237
1 54196U 22141AR  26185.29950107  .00000888  00000+0  73920-4 0  9998
2 54196  53.1592 190.3231 0001083  78.3387 281.7726 15.08829106203603
STARLINK-5246
1 54198U 22141AT  26185.42829393 -.00000664  00000+0 -23662-4 0  9999
2 54198  53.1598 189.7048 0001251  70.2487 289.8639 15.08831875203628
STARLINK-5244
1 54199U 22141AU  26185.30318321 -.00000757  00000+0 -29467-4 0  9993
2 54199  53.1599 190.3434 0001222  78.6273 281.4856 15.08833654203604
STARLINK-5250
1 54200U 22141AV  26185.42092060 -.00000135  00000+0  96071-5 0  9993
2 54200  53.1595 189.6580 0001077  82.8469 277.2645 15.08836985203629
STARLINK-5199
1 54201U 22141AW  26185.31055275 -.00000489  00000+0 -12611-4 0  9999
2 54201  53.1587 190.3851 0001124  82.0742 278.0377 15.08834282203607
STARLINK-5205
1 54202U 22141AX  26185.41355132  .00000441  00000+0  45806-4 0  9994
2 54202  53.1593 189.6129 0001147  80.6379 279.4742 15.08838334203624
STARLINK-5247
1 54203U 22141AY  26185.29212674 -.00000165  00000+0  77437-5 0  9994
2 54203  53.1588 190.2780 0001027  14.0259 346.0761 15.08834340203608
STARLINK-5241
1 54204U 22141AZ  26185.27001977  .00000685  00000+0  61136-4 0  9999
2 54204  53.1588 190.1399 0000947  54.3456 305.7624 15.08832813203603
STARLINK-5249
1 54205U 22141BA  26185.01242756  .00000199  00000+0  30596-4 0  9990
2 54205  53.1595 191.3770 0001147  80.2356 279.8765 15.08835455203565
STARLINK-5264
1 54206U 22141BB  26185.62103197  .00001200  00000+0  93478-4 0  9995
2 54206  53.1601 153.8328 0001287  87.4471 272.6668 15.08833672204145
STARLINK-5262
1 54207U 22141BC  26185.27370500 -.00000043  00000+0  15418-4 0  9994
2 54207  53.1588 190.1631 0001046  82.6826 277.4285 15.08833570203600
STARLINK-5255
1 54208U 22141BD  26185.24477845  .00000178  00000+0  29306-4 0  9991
2 54208  53.1605 165.7331 0001297  84.4730 275.6409 15.08832477203948
STARLINK-5259
1 54209U 22141BE  26185.41078923  .00000525  00000+0  51092-4 0  9998
2 54209  53.1592 179.5985 0001137  75.8822 284.2296 15.08831835203768
STARLINK-5220
1 54760U 22175C   26185.45317425  .00001209  00000+0  94082-4 0  9990
2 54760  53.1582 239.9373 0001059  88.3771 271.7342 15.08829787197540
STARLINK-5202
1 54761U 22175D   26185.45618336  .00075899  00000+0  46587-2 0  9997
2 54761  53.1602 239.9600 0000519  40.6676 319.4354 15.09441267197549
STARLINK-5191
1 54763U 22175F   26185.44948893  .00001155  00000+0  90635-4 0  9991
2 54763  53.1596 239.9157 0000937  80.8509 279.2589 15.08830067197547
STARLINK-5458
1 54764U 22175G   26185.16337085  .00001914  00000+0  13830-3 0  9990
2 54764  53.1589 240.9788 0002372  87.1466 272.9796 15.08853851197501
STARLINK-5471
1 54766U 22175J   26185.43475174  .00000356  00000+0  40430-4 0  9990
2 54766  53.1588 239.8226 0001256  84.4851 275.6284 15.08846144197547
STARLINK-5472
1 54767U 22175K   26185.43106500  .00000494  00000+0  49105-4 0  9996
2 54767  53.1593 239.7999 0001241  85.7954 274.3180 15.08833735197545
STARLINK-5453
1 54773U 22175R   26185.55617661  .00000166  00000+0  28532-4 0  9998
2 54773  53.1593 239.1594 0001266  89.4425 270.6712 15.08834487197565
STARLINK-5465
1 54775U 22175T   26185.42001184 -.00000106  00000+0  11424-4 0  9990
2 54775  53.1594 239.7335 0001279  87.5430 272.5708 15.08834296197548
STARLINK-5470
1 54776U 22175U   26185.53038679  .00001173  00000+0  91780-4 0  9999
2 54776  53.1585 239.0048 0000971  92.9272 267.1831 15.08831124197561
STARLINK-5468
1 54777U 22175V   26185.41634444  .00001755  00000+0  12835-3 0  9998
2 54777  53.1581 239.7106 0000876  90.7508 269.3584 15.08827206197545
STARLINK-5442
1 54784U 22175AC  26185.41264094  .00000260  00000+0  34449-4 0  9992
2 54784  53.1592 239.6898 0000863  78.8926 281.2163 15.08837516197540
STARLINK-5441
1 54787U 22175AF  26185.40896122  .00001906  00000+0  13783-3 0  9992
2 54787  53.1600 239.6655 0001388  85.2017 274.9133 15.08829310197549
STARLINK-5446
1 54789U 22175AH  26185.48532414 -.00001658  00000+0 -86135-4 0  9991
2 54789  53.1588 209.3675 0001027  83.9108 276.2001 15.08838010197971
STARLINK-5431
1 54792U 22175AL  26185.53408405  .00001399  00000+0  10598-3 0  9992
2 54792  53.1589 239.0244 0001152  87.1430 272.9693 15.08838711197564
STARLINK-5433
1 54793U 22175AM  26185.36161149 -.00000059  00000+0  14371-4 0  9992
2 54793  53.1592 215.1709 0001053  84.5184 275.5927 15.08833773197884
STARLINK-5435
1 54797U 22175AR  26185.15601100  .00000455  00000+0  46707-4 0  9996
2 54797  53.1594 240.9258 0001224  87.2615 272.8517 15.08832362197501
STARLINK-5420
1 54798U 22175AS  26185.33950774 -.00000303  00000+0 -94201-6 0  9999
2 54798  53.1589 215.0254 0000898  81.9704 278.1389 15.08830665197882
STARLINK-5421
1 54799U 22175AT  26185.49040347 -.00000990  00000+0 -44110-4 0  9997
2 54799  53.1592 214.5437 0001157  78.7669 281.3453 15.08831303197908
STARLINK-5428
1 54800U 22175AU  26185.41356287  .00000127  00000+0  26044-4 0  9991
2 54800  53.1589 229.6956 0001111  87.1041 273.0077 15.08832985197680
STARLINK-5426
1 54802U 22175AW  26184.74370215  .00000670  00000+0  61421-4 0  9996
2 54802  53.1971 187.8029 0001404  75.1975 284.9173 15.08027082198213
STARLINK-5430
1 54803U 22175AX  26185.53775135  .00001339  00000+0  10222-3 0  9990
2 54803  53.1592 239.0325 0001047  84.7153 275.3958 15.08838455197565
STARLINK-5417
1 54805U 22175AZ  26185.49484933  .00000838  00000+0  72182-4 0  9997
2 54805  53.1956 224.6849 0001280  81.3142 278.7994 15.08020614197761
STARLINK-5413
1 54808U 22175BC  26185.43753782 -.00000021  00000+0  16769-4 0  9999
2 54808  53.1590 209.9886 0001148  76.1178 283.9941 15.08840602197968
STARLINK-5408
1 54810U 22175BE  26185.47704422  .00001077  00000+0  85763-4 0  9994
2 54810  53.1596 219.4115 0000998  80.9927 279.1177 15.08836112197830
STARLINK-5424
1 54811U 22175BF  26185.37131484 -.00000286  00000+0  15118-6 0  9997
2 54811  53.1600 220.1605 0001338  84.7897 275.3247 15.08831393197817
